log_stem,log_relpath,model,final_val_accuracy,max_val_accuracy,best_epoch,epochs_trained,final_val_loss,params,memory_mb,training_time_s,early_stopping,lr_reductions,no_thrust_precision,no_thrust_recall,no_thrust_f1,chemical_precision,chemical_recall,chemical_f1,electric_precision,electric_recall,electric_f1,impulsive_precision,impulsive_recall,impulsive_f1,macro_avg_precision,macro_avg_recall,macro_avg_f1,weighted_avg_precision,weighted_avg_recall,weighted_avg_f1,t_no_thrust_precision,t_no_thrust_recall,t_no_thrust_f1,t_chemical_precision,t_chemical_recall,t_chemical_f1,t_electric_precision,t_electric_recall,t_electric_f1,t_impulsive_precision,t_impulsive_recall,t_impulsive_f1
30min1500SeqData_Energy_J2Energy_OE_Std_EvalTest_Seed1,meo/30min-1500/30min1500SeqData_Energy_J2Energy_OE_Std_EvalTest_Seed1.log,Decision Trees (LightGBM),42.22,42.22,1,1,1.2771,,0.4121713638305664,0.8864,False,0,0.4562,0.7644,0.5714,0.3622,0.2044,0.2614,0.3537,0.36,0.3568,0.485,0.36,0.4133,0.4143,0.4222,0.4007,0.4143,0.4222,0.4007,172.0,5.0,46.0,56.0,46.0,56.0,105.0,22.0,81.0,44.0,54.0,46.0
30min1500SeqData_Energy_J2Energy_OE_Std_EvalTest_Seed1,meo/30min-1500/30min1500SeqData_Energy_J2Energy_OE_Std_EvalTest_Seed1.log,MiniRocket,99.44,99.44,1,1,,9996.0,0.5815,24.1172,False,0,0.9783,1.0,0.989,1.0,1.0,1.0,1.0,0.9778,0.9888,1.0,1.0,1.0,0.9946,0.9944,0.9944,0.9946,0.9944,0.9944,225.0,0.0,0.0,0.0,225.0,0.0,5.0,0.0,220.0,0.0,0.0,0.0
30min1500SeqData_Energy_J2Energy_OE_Std_EvalTest_Seed1,meo/30min-1500/30min1500SeqData_Energy_J2Energy_OE_Std_EvalTest_Seed1.log,LSTM,29.22,30.89,38,40,1.3797,50500.0,0.385284423828125,85.0911,True,0,0.2977,0.5067,0.375,0.3012,0.1111,0.1623,0.2727,0.0533,0.0892,0.2872,0.4978,0.3642,0.2897,0.2922,0.2477,0.2897,0.2922,0.2477,114.0,21.0,11.0,86.0,25.0,10.0,104.0,14.0,12.0,79.0,23.0,11.0
30min1500SeqData_Energy_J2Energy_OE_Std_EvalTest_Seed1,meo/30min-1500/30min1500SeqData_Energy_J2Energy_OE_Std_EvalTest_Seed1.log,Mamba,55.78,55.78,74,74,1.3061,17044.0,0.130035400390625,255.6912,True,0,0.6794,0.8667,0.7617,0.4239,0.3467,0.3814,0.5792,0.52,0.548,0.4934,0.4978,0.4956,0.544,0.5578,0.5467,0.544,0.5578,0.5467,195.0,6.0,19.0,18.0,78.0,40.0,59.0,28.0,117.0,15.0,72.0,26.0
30min1500SeqData_Energy_J2Energy_OE_Std_EvalTest_Seed1,meo/30min-1500/30min1500SeqData_Energy_J2Energy_OE_Std_EvalTest_Seed1.log,Transformer,74.33,78.11,89,101,0.5037,288324.0,2.199737548828125,139.9193,False,0,0.9139,0.9911,0.951,0.55,0.44,0.4889,0.8511,0.8889,0.8696,0.61,0.6533,0.6309,0.7312,0.7433,0.7351,0.7312,0.7433,0.7351,223.0,1.0,1.0,2.0,99.0,32.0,13.0,10.0,200.0,6.0,70.0,2.0
30min1500SeqData_Energy_J2Energy_OE_Std_EvalTest_Seed1,meo/30min-1500/30min1500SeqData_Energy_J2Energy_OE_Std_EvalTest_Seed1.log,1D-CNN (InceptionTime),88.67,88.67,37,37,0.3428,473092.0,3.609405517578125,271.6126,True,0,0.8664,0.8933,0.8796,0.8879,0.9156,0.9015,0.8664,0.8933,0.8796,0.9314,0.8444,0.8858,0.888,0.8867,0.8867,0.888,0.8867,0.8867,201.0,1.0,22.0,3.0,206.0,5.0,18.0,4.0,201.0,10.0,21.0,4.0
30min1500SeqData_Energy_J2Energy_OE_Std_EvalTest_Seed2,meo/30min-1500/30min1500SeqData_Energy_J2Energy_OE_Std_EvalTest_Seed2.log,Decision Trees (LightGBM),40.56,40.56,1,1,1.2906,,0.41176414489746094,0.8413,False,0,0.445,0.8267,0.5785,0.3481,0.2089,0.2611,0.3103,0.28,0.2944,0.4792,0.3067,0.374,0.3957,0.4056,0.377,0.3957,0.4056,0.377,186.0,11.0,28.0,65.0,47.0,58.0,119.0,23.0,63.0,48.0,54.0,54.0
30min1500SeqData_Energy_J2Energy_OE_Std_EvalTest_Seed2,meo/30min-1500/30min1500SeqData_Energy_J2Energy_OE_Std_EvalTest_Seed2.log,MiniRocket,99.22,99.22,1,1,,9996.0,0.5813,22.4095,False,0,0.9698,1.0,0.9847,1.0,1.0,1.0,1.0,0.9689,0.9842,1.0,1.0,1.0,0.9925,0.9922,0.9922,0.9925,0.9922,0.9922,225.0,0.0,0.0,0.0,225.0,0.0,7.0,0.0,218.0,0.0,0.0,0.0
30min1500SeqData_Energy_J2Energy_OE_Std_EvalTest_Seed2,meo/30min-1500/30min1500SeqData_Energy_J2Energy_OE_Std_EvalTest_Seed2.log,LSTM,78.67,82.78,100,101,0.5444,50500.0,0.385284423828125,220.4232,False,0,0.8202,0.9733,0.8902,0.7446,0.6089,0.6699,0.8905,0.8311,0.8598,0.6904,0.7333,0.7112,0.7864,0.7867,0.7828,0.7864,0.7867,0.7828,219.0,0.0,3.0,6.0,137.0,17.0,30.0,2.0,187.0,12.0,45.0,3.0
30min1500SeqData_Energy_J2Energy_OE_Std_EvalTest_Seed2,meo/30min-1500/30min1500SeqData_Energy_J2Energy_OE_Std_EvalTest_Seed2.log,Mamba,53.11,56.78,88,91,1.1702,17044.0,0.130035400390625,306.1053,True,0,0.6773,0.8489,0.7535,0.3533,0.2622,0.301,0.5124,0.4578,0.4836,0.5,0.5556,0.5263,0.5108,0.5311,0.5161,0.5108,0.5311,0.5161,191.0,3.0,27.0,14.0,59.0,54.0,67.0,32.0,103.0,10.0,73.0,17.0
30min1500SeqData_Energy_J2Energy_OE_Std_EvalTest_Seed2,meo/30min-1500/30min1500SeqData_Energy_J2Energy_OE_Std_EvalTest_Seed2.log,Transformer,72.44,75.11,95,101,0.5896,288324.0,2.199737548828125,142.5505,False,0,0.9449,0.9911,0.9675,0.5234,0.2489,0.3373,0.7519,0.8622,0.8033,0.5987,0.7956,0.6832,0.7047,0.7244,0.6978,0.7047,0.7244,0.6978,223.0,0.0,2.0,1.0,56.0,55.0,11.0,13.0,194.0,1.0,38.0,7.0
30min1500SeqData_Energy_J2Energy_OE_Std_EvalTest_Seed2,meo/30min-1500/30min1500SeqData_Energy_J2Energy_OE_Std_EvalTest_Seed2.log,1D-CNN (InceptionTime),90.56,90.56,46,50,0.3241,473092.0,3.609405517578125,369.8231,True,0,0.8785,0.9644,0.9195,0.9366,0.8533,0.893,0.9751,0.8711,0.9202,0.8502,0.9333,0.8898,0.9101,0.9056,0.9056,0.9101,0.9056,0.9056,217.0,0.0,5.0,4.0,192.0,0.0,20.0,4.0,196.0,6.0,9.0,0.0
30min1500SeqData_Energy_J2Energy_ResidLadder3_OE_Std_EvalTest_Seed2,meo/30min-1500/30min1500SeqData_Energy_J2Energy_ResidLadder3_OE_Std_EvalTest_Seed2.log,Decision Trees (LightGBM),98.67,98.67,1,1,0.1929,,0.4147777557373047,1.2015,False,0,0.9698,1.0,0.9847,1.0,0.9778,0.9888,1.0,0.9689,0.9842,0.9783,1.0,0.989,0.987,0.9867,0.9867,0.987,0.9867,0.9867,225.0,0.0,0.0,0.0,220.0,0.0,7.0,0.0,218.0,0.0,0.0,0.0
30min1500SeqData_Energy_J2Energy_ResidLadder3_OE_Std_EvalTest_Seed2,meo/30min-1500/30min1500SeqData_Energy_J2Energy_ResidLadder3_OE_Std_EvalTest_Seed2.log,MiniRocket,99.33,99.33,1,1,,9996.0,0.5815,22.4216,False,0,0.9783,1.0,0.989,0.9956,1.0,0.9978,1.0,0.9733,0.9865,1.0,1.0,1.0,0.9935,0.9933,0.9933,0.9935,0.9933,0.9933,225.0,0.0,0.0,0.0,225.0,0.0,5.0,1.0,219.0,0.0,0.0,0.0
30min1500SeqData_Energy_J2Energy_ResidLadder3_OE_Std_EvalTest_Seed2,meo/30min-1500/30min1500SeqData_Energy_J2Energy_ResidLadder3_OE_Std_EvalTest_Seed2.log,LSTM,99.11,99.78,23,42,0.0547,94780.0,0.723114013671875,119.0616,True,0,0.9825,1.0,0.9912,0.9912,1.0,0.9956,1.0,0.9644,0.9819,0.9912,1.0,0.9956,0.9912,0.9911,0.9911,0.9912,0.9911,0.9911,225.0,0.0,0.0,0.0,225.0,0.0,4.0,2.0,217.0,0.0,0.0,0.0
30min1500SeqData_Energy_J2Energy_ResidLadder3_OE_Std_EvalTest_Seed2,meo/30min-1500/30min1500SeqData_Energy_J2Energy_ResidLadder3_OE_Std_EvalTest_Seed2.log,Mamba,98.44,99.33,22,33,0.0819,25018.0,0.1908721923828125,120.1245,True,0,0.9782,0.9956,0.9868,0.9824,0.9911,0.9867,0.9864,0.9644,0.9753,0.9911,0.9867,0.9889,0.9845,0.9844,0.9844,0.9845,0.9844,0.9844,224.0,0.0,1.0,0.0,223.0,1.0,3.0,4.0,217.0,2.0,0.0,1.0
30min1500SeqData_Energy_J2Energy_ResidLadder3_OE_Std_EvalTest_Seed2,meo/30min-1500/30min1500SeqData_Energy_J2Energy_ResidLadder3_OE_Std_EvalTest_Seed2.log,Transformer,99.44,99.78,6,27,0.0327,405132.0,3.090911865234375,37.35,True,0,0.9783,1.0,0.989,1.0,1.0,1.0,1.0,0.9778,0.9888,1.0,1.0,1.0,0.9946,0.9944,0.9944,0.9946,0.9944,0.9944,225.0,0.0,0.0,0.0,225.0,0.0,5.0,0.0,220.0,0.0,0.0,0.0
30min1500SeqData_Energy_J2Energy_ResidLadder3_OE_Std_EvalTest_Seed2,meo/30min-1500/30min1500SeqData_Energy_J2Energy_ResidLadder3_OE_Std_EvalTest_Seed2.log,1D-CNN (InceptionTime),99.11,99.56,3,22,0.0393,473668.0,3.613800048828125,159.0665,True,0,0.9783,1.0,0.989,0.9868,1.0,0.9934,1.0,0.9644,0.9819,1.0,1.0,1.0,0.9913,0.9911,0.9911,0.9913,0.9911,0.9911,225.0,0.0,0.0,0.0,225.0,0.0,5.0,3.0,217.0,0.0,0.0,0.0
30min1500SeqData_Std_EvalTest_Seed1,meo/30min-1500/30min1500SeqData_Std_EvalTest_Seed1.log,Decision Trees (LightGBM),24.89,24.89,1,1,1.3869,,0.4174528121948242,0.6043,False,0,0.2481,0.2844,0.265,0.2468,0.2578,0.2522,0.2512,0.2311,0.2407,0.25,0.2222,0.2353,0.249,0.2489,0.2483,0.249,0.2489,0.2483,64.0,58.0,53.0,65.0,58.0,52.0,64.0,59.0,52.0,65.0,60.0,50.0
30min1500SeqData_Std_EvalTest_Seed1,meo/30min-1500/30min1500SeqData_Std_EvalTest_Seed1.log,MiniRocket,27.78,27.78,1,1,,9996.0,0.581,25.036,False,0,0.271,0.2578,0.2642,0.2512,0.2356,0.2431,0.2891,0.1644,0.2096,0.2939,0.4533,0.3566,0.2763,0.2778,0.2684,0.2763,0.2778,0.2684,58.0,52.0,35.0,56.0,53.0,31.0,56.0,52.0,37.0,44.0,54.0,25.0
30min1500SeqData_Std_EvalTest_Seed1,meo/30min-1500/30min1500SeqData_Std_EvalTest_Seed1.log,LSTM,25.0,25.0,1,25,1.3863,28660.0,0.218658447265625,44.4045,True,0,0.0,0.0,0.0,0.0,0.0,0.0,0.0,0.0,0.0,0.25,1.0,0.4,0.0625,0.25,0.1,0.0625,0.25,0.1,0.0,0.0,0.0,0.0,0.0,0.0,0.0,0.0,0.0,0.0,0.0,0.0
30min1500SeqData_Std_EvalTest_Seed1,meo/30min-1500/30min1500SeqData_Std_EvalTest_Seed1.log,Mamba,25.0,25.0,1,13,1.3863,12208.0,0.0931396484375,48.732,True,0,0.25,0.2889,0.268,0.25,0.2133,0.2302,0.25,0.3556,0.2936,0.25,0.1422,0.1813,0.25,0.25,0.2433,0.25,0.25,0.2433,65.0,48.0,80.0,65.0,48.0,80.0,65.0,48.0,80.0,65.0,48.0,80.0
30min1500SeqData_Std_EvalTest_Seed1,meo/30min-1500/30min1500SeqData_Std_EvalTest_Seed1.log,Transformer,25.0,25.0,1,30,1.3864,213092.0,1.625762939453125,41.044,True,0,0.0,0.0,0.0,0.0,0.0,0.0,0.25,1.0,0.4,0.0,0.0,0.0,0.0625,0.25,0.1,0.0625,0.25,0.1,0.0,0.0,225.0,0.0,0.0,225.0,0.0,0.0,225.0,0.0,0.0,225.0
30min1500SeqData_Std_EvalTest_Seed1,meo/30min-1500/30min1500SeqData_Std_EvalTest_Seed1.log,1D-CNN (InceptionTime),25.0,25.0,1,34,1.3863,472708.0,3.606475830078125,248.708,True,0,0.25,0.2,0.2222,0.25,0.6933,0.3675,0.25,0.1067,0.1495,0.0,0.0,0.0,0.1875,0.25,0.1848,0.1875,0.25,0.1848,45.0,156.0,24.0,45.0,156.0,24.0,45.0,156.0,24.0,45.0,156.0,24.0
30min1500SeqData_Energy_J2Energy_OE_Std_EvalTest_Seed0,meo/30min-1500/30min1500SeqData_Energy_J2Energy_OE_Std_EvalTest_Seed0.log,Decision Trees (LightGBM),42.22,42.22,1,1,1.2883,,0.41200923919677734,0.8352,False,0,0.4507,0.8533,0.5899,0.3937,0.2222,0.2841,0.302,0.2711,0.2857,0.531,0.3422,0.4162,0.4194,0.4222,0.394,0.4194,0.4222,0.394,192.0,3.0,27.0,63.0,50.0,58.0,124.0,29.0,61.0,47.0,45.0,56.0
30min1500SeqData_Energy_J2Energy_OE_Std_EvalTest_Seed0,meo/30min-1500/30min1500SeqData_Energy_J2Energy_OE_Std_EvalTest_Seed0.log,MiniRocket,99.78,99.78,1,1,,9996.0,0.5813,22.9752,False,0,0.9912,1.0,0.9956,1.0,1.0,1.0,1.0,0.9911,0.9955,1.0,1.0,1.0,0.9978,0.9978,0.9978,0.9978,0.9978,0.9978,225.0,0.0,0.0,0.0,225.0,0.0,2.0,0.0,223.0,0.0,0.0,0.0
30min1500SeqData_Energy_J2Energy_OE_Std_EvalTest_Seed0,meo/30min-1500/30min1500SeqData_Energy_J2Energy_OE_Std_EvalTest_Seed0.log,LSTM,29.78,31.44,61,65,1.4146,50500.0,0.385284423828125,140.0018,True,0,0.3072,0.4711,0.3719,0.3211,0.1556,0.2096,0.2667,0.1067,0.1524,0.2893,0.4578,0.3546,0.2961,0.2978,0.2721,0.2961,0.2978,0.2721,106.0,19.0,26.0,79.0,35.0,19.0,89.0,25.0,24.0,71.0,30.0,21.0
30min1500SeqData_Energy_J2Energy_OE_Std_EvalTest_Seed0,meo/30min-1500/30min1500SeqData_Energy_J2Energy_OE_Std_EvalTest_Seed0.log,Mamba,49.44,52.56,73,77,1.1269,17044.0,0.130035400390625,262.9088,True,0,0.5172,0.8711,0.649,0.3594,0.2044,0.2606,0.5403,0.2978,0.384,0.5056,0.6044,0.5506,0.4806,0.4944,0.461,0.4806,0.4944,0.461,196.0,6.0,15.0,49.0,46.0,26.0,111.0,26.0,67.0,23.0,50.0,16.0
30min1500SeqData_Energy_J2Energy_OE_Std_EvalTest_Seed0,meo/30min-1500/30min1500SeqData_Energy_J2Energy_OE_Std_EvalTest_Seed0.log,Transformer,76.11,76.11,100,100,0.4731,288324.0,2.199737548828125,137.045,True,0,0.9781,0.9911,0.9845,0.6117,0.28,0.3841,0.8294,0.9289,0.8763,0.5994,0.8444,0.7011,0.7546,0.7611,0.7365,0.7546,0.7611,0.7365,223.0,0.0,1.0,1.0,63.0,35.0,4.0,12.0,209.0,0.0,28.0,7.0
30min1500SeqData_Energy_J2Energy_OE_Std_EvalTest_Seed0,meo/30min-1500/30min1500SeqData_Energy_J2Energy_OE_Std_EvalTest_Seed0.log,1D-CNN (InceptionTime),91.11,91.11,52,52,0.372,473092.0,3.609405517578125,384.7374,True,0,0.8807,0.9511,0.9145,0.9286,0.8667,0.8966,0.9289,0.9289,0.9289,0.9099,0.8978,0.9038,0.912,0.9111,0.9109,0.912,0.9111,0.9109,214.0,0.0,11.0,6.0,195.0,5.0,15.0,0.0,209.0,8.0,15.0,0.0
30min1500SeqData_Std_EvalTest_Seed0,meo/30min-1500/30min1500SeqData_Std_EvalTest_Seed0.log,Decision Trees (LightGBM),25.11,25.11,1,1,1.3869,,0.4170112609863281,0.6177,False,0,0.2527,0.3156,0.2806,0.2453,0.1733,0.2031,0.25,0.24,0.2449,0.2541,0.2756,0.2644,0.2505,0.2511,0.2483,0.2505,0.2511,0.2483,71.0,40.0,53.0,71.0,39.0,55.0,70.0,40.0,54.0,69.0,40.0,54.0
30min1500SeqData_Std_EvalTest_Seed0,meo/30min-1500/30min1500SeqData_Std_EvalTest_Seed0.log,MiniRocket,29.78,29.78,1,1,,9996.0,0.5809,22.9515,False,0,0.2791,0.2133,0.2418,0.2421,0.2044,0.2217,0.2727,0.1733,0.212,0.3418,0.6,0.4355,0.2839,0.2978,0.2777,0.2839,0.2978,0.2777,48.0,53.0,39.0,47.0,46.0,42.0,48.0,53.0,39.0,29.0,38.0,23.0
30min1500SeqData_Std_EvalTest_Seed0,meo/30min-1500/30min1500SeqData_Std_EvalTest_Seed0.log,LSTM,25.0,25.0,1,18,1.3863,28660.0,0.218658447265625,31.502,True,0,0.0,0.0,0.0,0.0,0.0,0.0,0.0,0.0,0.0,0.25,1.0,0.4,0.0625,0.25,0.1,0.0625,0.25,0.1,0.0,0.0,0.0,0.0,0.0,0.0,0.0,0.0,0.0,0.0,0.0,0.0
30min1500SeqData_Std_EvalTest_Seed0,meo/30min-1500/30min1500SeqData_Std_EvalTest_Seed0.log,Mamba,25.0,25.11,20,24,1.3863,12208.0,0.0931396484375,99.6475,True,0,0.25,0.1867,0.2137,0.25,0.2889,0.268,0.25,0.0667,0.1053,0.25,0.4578,0.3234,0.25,0.25,0.2276,0.25,0.25,0.2276,42.0,65.0,15.0,42.0,65.0,15.0,42.0,65.0,15.0,42.0,65.0,15.0
30min1500SeqData_Std_EvalTest_Seed0,meo/30min-1500/30min1500SeqData_Std_EvalTest_Seed0.log,Transformer,25.0,25.0,1,18,1.3874,213092.0,1.625762939453125,24.2568,True,0,0.0,0.0,0.0,0.0,0.0,0.0,0.25,1.0,0.4,0.0,0.0,0.0,0.0625,0.25,0.1,0.0625,0.25,0.1,0.0,0.0,225.0,0.0,0.0,225.0,0.0,0.0,225.0,0.0,0.0,225.0
30min1500SeqData_Std_EvalTest_Seed0,meo/30min-1500/30min1500SeqData_Std_EvalTest_Seed0.log,1D-CNN (InceptionTime),25.0,25.0,1,31,1.3863,472708.0,3.606475830078125,226.0395,True,0,0.0,0.0,0.0,0.0,0.0,0.0,0.25,0.5022,0.3338,0.25,0.4978,0.3328,0.125,0.25,0.1667,0.125,0.25,0.1667,0.0,0.0,113.0,0.0,0.0,113.0,0.0,0.0,113.0,0.0,0.0,113.0
30min1500SeqData_Energy_J2Energy_ResidLadder3_OE_Std_EvalTest_Seed1,meo/30min-1500/30min1500SeqData_Energy_J2Energy_ResidLadder3_OE_Std_EvalTest_Seed1.log,Decision Trees (LightGBM),99.0,99.0,1,1,0.1845,,0.414642333984375,1.2005,False,0,0.9825,1.0,0.9912,1.0,0.9778,0.9888,1.0,0.9822,0.991,0.9783,1.0,0.989,0.9902,0.99,0.99,0.9902,0.99,0.99,225.0,0.0,0.0,0.0,220.0,0.0,4.0,0.0,221.0,0.0,0.0,0.0
30min1500SeqData_Energy_J2Energy_ResidLadder3_OE_Std_EvalTest_Seed1,meo/30min-1500/30min1500SeqData_Energy_J2Energy_ResidLadder3_OE_Std_EvalTest_Seed1.log,MiniRocket,99.67,99.67,1,1,,9996.0,0.5818,23.7038,False,0,0.9868,1.0,0.9934,1.0,1.0,1.0,1.0,0.9867,0.9933,1.0,1.0,1.0,0.9967,0.9967,0.9967,0.9967,0.9967,0.9967,225.0,0.0,0.0,0.0,225.0,0.0,3.0,0.0,222.0,0.0,0.0,0.0
30min1500SeqData_Energy_J2Energy_ResidLadder3_OE_Std_EvalTest_Seed1,meo/30min-1500/30min1500SeqData_Energy_J2Energy_ResidLadder3_OE_Std_EvalTest_Seed1.log,LSTM,99.33,99.78,3,30,0.0368,94780.0,0.723114013671875,83.9126,True,0,0.9868,1.0,0.9934,0.9868,1.0,0.9934,1.0,0.9733,0.9865,1.0,1.0,1.0,0.9934,0.9933,0.9933,0.9934,0.9933,0.9933,225.0,0.0,0.0,0.0,225.0,0.0,3.0,3.0,219.0,0.0,0.0,0.0
30min1500SeqData_Energy_J2Energy_ResidLadder3_OE_Std_EvalTest_Seed1,meo/30min-1500/30min1500SeqData_Energy_J2Energy_ResidLadder3_OE_Std_EvalTest_Seed1.log,Mamba,98.67,99.67,27,38,0.0895,25018.0,0.1908721923828125,125.3,True,0,0.9867,0.9911,0.9889,0.9739,0.9956,0.9846,0.9863,0.96,0.973,1.0,1.0,1.0,0.9867,0.9867,0.9866,0.9867,0.9867,0.9866,223.0,0.0,2.0,0.0,224.0,1.0,3.0,6.0,216.0,0.0,0.0,0.0
30min1500SeqData_Energy_J2Energy_ResidLadder3_OE_Std_EvalTest_Seed1,meo/30min-1500/30min1500SeqData_Energy_J2Energy_ResidLadder3_OE_Std_EvalTest_Seed1.log,Transformer,99.67,99.89,6,44,0.0182,405132.0,3.090911865234375,61.1905,True,0,0.9868,1.0,0.9934,1.0,1.0,1.0,1.0,0.9867,0.9933,1.0,1.0,1.0,0.9967,0.9967,0.9967,0.9967,0.9967,0.9967,225.0,0.0,0.0,0.0,225.0,0.0,3.0,0.0,222.0,0.0,0.0,0.0
30min1500SeqData_Energy_J2Energy_ResidLadder3_OE_Std_EvalTest_Seed1,meo/30min-1500/30min1500SeqData_Energy_J2Energy_ResidLadder3_OE_Std_EvalTest_Seed1.log,1D-CNN (InceptionTime),99.11,99.78,4,18,0.041,473668.0,3.613800048828125,128.5952,True,0,0.9868,1.0,0.9934,0.9783,1.0,0.989,1.0,0.9644,0.9819,1.0,1.0,1.0,0.9913,0.9911,0.9911,0.9913,0.9911,0.9911,225.0,0.0,0.0,0.0,225.0,0.0,3.0,5.0,217.0,0.0,0.0,0.0
30min1500SeqData_Energy_J2Energy_ResidLadder3_OE_Std_EvalTest_Seed0,meo/30min-1500/30min1500SeqData_Energy_J2Energy_ResidLadder3_OE_Std_EvalTest_Seed0.log,Decision Trees (LightGBM),99.44,99.44,1,1,0.1709,,0.41432762145996094,1.196,False,0,0.9825,0.9956,0.989,1.0,0.9911,0.9955,1.0,0.9911,0.9955,0.9956,1.0,0.9978,0.9945,0.9944,0.9945,0.9945,0.9944,0.9945,224.0,0.0,0.0,2.0,223.0,0.0,2.0,0.0,223.0,0.0,0.0,0.0
30min1500SeqData_Energy_J2Energy_ResidLadder3_OE_Std_EvalTest_Seed0,meo/30min-1500/30min1500SeqData_Energy_J2Energy_ResidLadder3_OE_Std_EvalTest_Seed0.log,MiniRocket,99.89,99.89,1,1,,9996.0,0.5816,24.1876,False,0,0.9956,1.0,0.9978,1.0,1.0,1.0,1.0,0.9956,0.9978,1.0,1.0,1.0,0.9989,0.9989,0.9989,0.9989,0.9989,0.9989,225.0,0.0,0.0,0.0,225.0,0.0,1.0,0.0,224.0,0.0,0.0,0.0
30min1500SeqData_Energy_J2Energy_ResidLadder3_OE_Std_EvalTest_Seed0,meo/30min-1500/30min1500SeqData_Energy_J2Energy_ResidLadder3_OE_Std_EvalTest_Seed0.log,LSTM,99.78,99.78,20,40,0.0185,94780.0,0.723114013671875,113.4653,True,0,0.9956,1.0,0.9978,1.0,1.0,1.0,1.0,0.9911,0.9955,0.9956,1.0,0.9978,0.9978,0.9978,0.9978,0.9978,0.9978,0.9978,225.0,0.0,0.0,0.0,225.0,0.0,1.0,0.0,223.0,0.0,0.0,0.0
30min1500SeqData_Energy_J2Energy_ResidLadder3_OE_Std_EvalTest_Seed0,meo/30min-1500/30min1500SeqData_Energy_J2Energy_ResidLadder3_OE_Std_EvalTest_Seed0.log,Mamba,98.89,99.11,16,18,0.0463,25018.0,0.1908721923828125,58.8752,True,0,0.9824,0.9911,0.9867,0.9911,0.9911,0.9911,0.9867,0.9867,0.9867,0.9955,0.9867,0.9911,0.9889,0.9889,0.9889,0.9889,0.9889,0.9889,223.0,0.0,1.0,0.0,223.0,2.0,1.0,2.0,222.0,3.0,0.0,0.0
30min1500SeqData_Energy_J2Energy_ResidLadder3_OE_Std_EvalTest_Seed0,meo/30min-1500/30min1500SeqData_Energy_J2Energy_ResidLadder3_OE_Std_EvalTest_Seed0.log,Transformer,99.89,99.89,15,38,0.0071,405132.0,3.090911865234375,54.3428,True,0,0.9956,1.0,0.9978,1.0,1.0,1.0,1.0,0.9956,0.9978,1.0,1.0,1.0,0.9989,0.9989,0.9989,0.9989,0.9989,0.9989,225.0,0.0,0.0,0.0,225.0,0.0,1.0,0.0,224.0,0.0,0.0,0.0
30min1500SeqData_Energy_J2Energy_ResidLadder3_OE_Std_EvalTest_Seed0,meo/30min-1500/30min1500SeqData_Energy_J2Energy_ResidLadder3_OE_Std_EvalTest_Seed0.log,1D-CNN (InceptionTime),99.67,99.67,12,37,0.0125,473668.0,3.613800048828125,272.5429,True,0,0.9956,1.0,0.9978,1.0,0.9956,0.9978,0.9955,0.9911,0.9933,0.9956,1.0,0.9978,0.9967,0.9967,0.9967,0.9967,0.9967,0.9967,225.0,0.0,0.0,0.0,224.0,1.0,1.0,0.0,223.0,0.0,0.0,0.0
30min1500SeqData_Std_EvalTest_Seed2,meo/30min-1500/30min1500SeqData_Std_EvalTest_Seed2.log,Decision Trees (LightGBM),25.11,25.11,1,1,1.3868,,0.41687965393066406,0.6024,False,0,0.251,0.2711,0.2607,0.25,0.2622,0.256,0.2512,0.2311,0.2407,0.2523,0.24,0.246,0.2511,0.2511,0.2509,0.2511,0.2511,0.2509,61.0,58.0,52.0,63.0,59.0,51.0,60.0,59.0,52.0,59.0,60.0,52.0
30min1500SeqData_Std_EvalTest_Seed2,meo/30min-1500/30min1500SeqData_Std_EvalTest_Seed2.log,MiniRocket,27.78,27.78,1,1,,9996.0,0.5808,22.5457,False,0,0.2848,0.1911,0.2287,0.2426,0.2178,0.2295,0.2698,0.1511,0.1937,0.2945,0.5511,0.3839,0.2729,0.2778,0.259,0.2729,0.2778,0.259,43.0,51.0,33.0,38.0,49.0,38.0,42.0,50.0,34.0,28.0,52.0,21.0
30min1500SeqData_Std_EvalTest_Seed2,meo/30min-1500/30min1500SeqData_Std_EvalTest_Seed2.log,LSTM,25.0,25.0,1,13,1.3864,28660.0,0.218658447265625,22.4027,True,0,0.0,0.0,0.0,0.25,0.28,0.2642,0.0,0.0,0.0,0.25,0.72,0.3711,0.125,0.25,0.1588,0.125,0.25,0.1588,0.0,63.0,0.0,0.0,63.0,0.0,0.0,63.0,0.0,0.0,63.0,0.0
30min1500SeqData_Std_EvalTest_Seed2,meo/30min-1500/30min1500SeqData_Std_EvalTest_Seed2.log,Mamba,25.0,25.0,1,24,1.3863,12208.0,0.0931396484375,90.5527,True,0,0.25,0.2622,0.256,0.25,0.3022,0.2736,0.25,0.3067,0.2754,0.25,0.1289,0.1701,0.25,0.25,0.2438,0.25,0.25,0.2438,59.0,68.0,69.0,59.0,68.0,69.0,59.0,68.0,69.0,59.0,68.0,69.0
30min1500SeqData_Std_EvalTest_Seed2,meo/30min-1500/30min1500SeqData_Std_EvalTest_Seed2.log,Transformer,25.0,25.0,1,30,1.3863,213092.0,1.625762939453125,41.0561,True,0,0.0,0.0,0.0,0.0,0.0,0.0,0.0,0.0,0.0,0.25,1.0,0.4,0.0625,0.25,0.1,0.0625,0.25,0.1,0.0,0.0,0.0,0.0,0.0,0.0,0.0,0.0,0.0,0.0,0.0,0.0
30min1500SeqData_Std_EvalTest_Seed2,meo/30min-1500/30min1500SeqData_Std_EvalTest_Seed2.log,1D-CNN (InceptionTime),25.0,25.0,1,26,1.3865,472708.0,3.606475830078125,188.213,True,0,0.0,0.0,0.0,0.0,0.0,0.0,0.25,0.4578,0.3234,0.25,0.5422,0.3422,0.125,0.25,0.1664,0.125,0.25,0.1664,0.0,0.0,103.0,0.0,0.0,103.0,0.0,0.0,103.0,0.0,0.0,103.0
100min1500SeqData_Std_EvalTest_Seed2,meo/100min-1500/100min1500SeqData_Std_EvalTest_Seed2.log,Decision Trees (LightGBM),25.11,25.11,1,1,1.387,,0.44263172149658203,2.1125,False,0,0.2545,0.2533,0.2539,0.2491,0.3156,0.2784,0.2523,0.2489,0.2506,0.2485,0.1867,0.2132,0.2511,0.2511,0.249,0.2511,0.2511,0.249,57.0,72.0,54.0,55.0,71.0,56.0,56.0,71.0,56.0,56.0,71.0,56.0
100min1500SeqData_Std_EvalTest_Seed2,meo/100min-1500/100min1500SeqData_Std_EvalTest_Seed2.log,MiniRocket,28.33,28.33,1,1,,9996.0,0.5911,30.4136,False,0,0.2607,0.2444,0.2523,0.2734,0.3111,0.2911,0.2719,0.1378,0.1829,0.3103,0.44,0.364,0.2791,0.2833,0.2726,0.2791,0.2833,0.2726,55.0,67.0,31.0,52.0,70.0,27.0,55.0,67.0,31.0,49.0,52.0,25.0
100min1500SeqData_Std_EvalTest_Seed2,meo/100min-1500/100min1500SeqData_Std_EvalTest_Seed2.log,LSTM,25.0,25.0,1,13,1.3864,28660.0,0.218658447265625,67.3636,True,0,0.0,0.0,0.0,0.25,0.3244,0.2824,0.0,0.0,0.0,0.25,0.6756,0.3649,0.125,0.25,0.1618,0.125,0.25,0.1618,0.0,73.0,0.0,0.0,73.0,0.0,0.0,73.0,0.0,0.0,73.0,0.0
100min1500SeqData_Std_EvalTest_Seed2,meo/100min-1500/100min1500SeqData_Std_EvalTest_Seed2.log,Mamba,25.0,25.11,4,26,1.3863,12208.0,0.0931396484375,111.0597,True,0,0.25,0.1378,0.1777,0.25,0.4,0.3077,0.25,0.2133,0.2302,0.25,0.2489,0.2494,0.25,0.25,0.2413,0.25,0.25,0.2413,31.0,90.0,48.0,31.0,90.0,48.0,31.0,90.0,48.0,31.0,90.0,48.0
100min1500SeqData_Std_EvalTest_Seed2,meo/100min-1500/100min1500SeqData_Std_EvalTest_Seed2.log,Transformer,25.0,25.11,1,28,1.3864,213092.0,1.625762939453125,50.4752,True,0,0.0,0.0,0.0,0.0,0.0,0.0,0.0,0.0,0.0,0.25,1.0,0.4,0.0625,0.25,0.1,0.0625,0.25,0.1,0.0,0.0,0.0,0.0,0.0,0.0,0.0,0.0,0.0,0.0,0.0,0.0
100min1500SeqData_Std_EvalTest_Seed2,meo/100min-1500/100min1500SeqData_Std_EvalTest_Seed2.log,1D-CNN (InceptionTime),24.89,25.11,28,37,1.3863,472708.0,3.606475830078125,401.3098,True,0,0.2486,0.2044,0.2244,0.2489,0.7778,0.3772,0.25,0.0133,0.0253,0.0,0.0,0.0,0.1869,0.2489,0.1567,0.1869,0.2489,0.1567,46.0,176.0,3.0,47.0,175.0,3.0,46.0,176.0,3.0,46.0,176.0,3.0
100min1500SeqData_Energy_J2Energy_ResidLadder3_OE_Std_EvalTest_Seed0,meo/100min-1500/100min1500SeqData_Energy_J2Energy_ResidLadder3_OE_Std_EvalTest_Seed0.log,Decision Trees (LightGBM),89.56,89.56,1,1,0.4061,,0.4553852081298828,4.7756,False,0,0.7248,0.96,0.826,0.9912,1.0,0.9956,1.0,0.9956,0.9978,0.9338,0.6267,0.75,0.9124,0.8956,0.8923,0.9124,0.8956,0.8923,216.0,0.0,0.0,0.0,225.0,0.0,0.0,0.0,224.0,82.0,2.0,0.0
100min1500SeqData_Energy_J2Energy_ResidLadder3_OE_Std_EvalTest_Seed0,meo/100min-1500/100min1500SeqData_Energy_J2Energy_ResidLadder3_OE_Std_EvalTest_Seed0.log,MiniRocket,100.0,100.0,1,1,,9996.0,0.5945,33.6055,False,0,1.0,1.0,1.0,1.0,1.0,1.0,1.0,1.0,1.0,1.0,1.0,1.0,1.0,1.0,1.0,1.0,1.0,1.0,225.0,0.0,0.0,0.0,225.0,0.0,0.0,0.0,225.0,0.0,0.0,0.0
100min1500SeqData_Energy_J2Energy_ResidLadder3_OE_Std_EvalTest_Seed0,meo/100min-1500/100min1500SeqData_Energy_J2Energy_ResidLadder3_OE_Std_EvalTest_Seed0.log,LSTM,100.0,100.0,53,53,0.0001,94780.0,0.723114013671875,462.174,True,0,1.0,1.0,1.0,1.0,1.0,1.0,1.0,1.0,1.0,1.0,1.0,1.0,1.0,1.0,1.0,1.0,1.0,1.0,225.0,0.0,0.0,0.0,225.0,0.0,0.0,0.0,225.0,0.0,0.0,0.0
100min1500SeqData_Energy_J2Energy_ResidLadder3_OE_Std_EvalTest_Seed0,meo/100min-1500/100min1500SeqData_Energy_J2Energy_ResidLadder3_OE_Std_EvalTest_Seed0.log,Mamba,99.44,99.44,18,18,0.0282,25018.0,0.1908721923828125,117.103,True,0,1.0,1.0,1.0,0.9825,0.9956,0.989,0.9955,0.9822,0.9888,1.0,1.0,1.0,0.9945,0.9944,0.9944,0.9945,0.9944,0.9944,225.0,0.0,0.0,0.0,224.0,1.0,0.0,4.0,221.0,0.0,0.0,0.0
100min1500SeqData_Energy_J2Energy_ResidLadder3_OE_Std_EvalTest_Seed0,meo/100min-1500/100min1500SeqData_Energy_J2Energy_ResidLadder3_OE_Std_EvalTest_Seed0.log,Transformer,100.0,100.0,12,56,0.0,405132.0,3.090911865234375,128.9262,True,0,1.0,1.0,1.0,1.0,1.0,1.0,1.0,1.0,1.0,1.0,1.0,1.0,1.0,1.0,1.0,1.0,1.0,1.0,225.0,0.0,0.0,0.0,225.0,0.0,0.0,0.0,225.0,0.0,0.0,0.0
100min1500SeqData_Energy_J2Energy_ResidLadder3_OE_Std_EvalTest_Seed0,meo/100min-1500/100min1500SeqData_Energy_J2Energy_ResidLadder3_OE_Std_EvalTest_Seed0.log,1D-CNN (InceptionTime),99.44,99.44,10,24,0.0253,473668.0,3.613800048828125,257.369,True,0,1.0,1.0,1.0,0.9825,0.9956,0.989,0.9955,0.9822,0.9888,1.0,1.0,1.0,0.9945,0.9944,0.9944,0.9945,0.9944,0.9944,225.0,0.0,0.0,0.0,224.0,1.0,0.0,4.0,221.0,0.0,0.0,0.0
100min1500SeqData_Energy_J2Energy_OE_Std_EvalTest_Seed0,meo/100min-1500/100min1500SeqData_Energy_J2Energy_OE_Std_EvalTest_Seed0.log,Decision Trees (LightGBM),56.0,56.0,1,1,1.1268,,0.44182491302490234,3.1227,False,0,0.6261,0.9156,0.7437,0.7143,0.6889,0.7014,0.4177,0.4622,0.4388,0.3714,0.1733,0.2364,0.5324,0.56,0.5301,0.5324,0.56,0.5301,206.0,0.0,13.0,10.0,155.0,40.0,52.0,29.0,104.0,61.0,33.0,92.0
100min1500SeqData_Energy_J2Energy_OE_Std_EvalTest_Seed0,meo/100min-1500/100min1500SeqData_Energy_J2Energy_OE_Std_EvalTest_Seed0.log,MiniRocket,100.0,100.0,1,1,,9996.0,0.5934,31.4081,False,0,1.0,1.0,1.0,1.0,1.0,1.0,1.0,1.0,1.0,1.0,1.0,1.0,1.0,1.0,1.0,1.0,1.0,1.0,225.0,0.0,0.0,0.0,225.0,0.0,0.0,0.0,225.0,0.0,0.0,0.0
100min1500SeqData_Energy_J2Energy_OE_Std_EvalTest_Seed0,meo/100min-1500/100min1500SeqData_Energy_J2Energy_OE_Std_EvalTest_Seed0.log,LSTM,33.56,35.22,27,31,1.3581,50500.0,0.385284423828125,203.6294,True,0,0.3234,0.6267,0.4266,0.3881,0.4622,0.4219,0.295,0.1822,0.2253,0.2807,0.0711,0.1135,0.3218,0.3356,0.2968,0.3218,0.3356,0.2968,141.0,48.0,25.0,78.0,104.0,33.0,105.0,59.0,41.0,112.0,57.0,40.0
100min1500SeqData_Energy_J2Energy_OE_Std_EvalTest_Seed0,meo/100min-1500/100min1500SeqData_Energy_J2Energy_OE_Std_EvalTest_Seed0.log,Mamba,59.44,60.22,99,101,0.9769,17044.0,0.130035400390625,515.7667,False,0,0.7034,0.9067,0.7922,0.7261,0.7778,0.7511,0.4028,0.2578,0.3144,0.4356,0.4356,0.4356,0.567,0.5944,0.5733,0.567,0.5944,0.5733,204.0,2.0,6.0,7.0,175.0,20.0,38.0,38.0,58.0,41.0,26.0,60.0
100min1500SeqData_Energy_J2Energy_OE_Std_EvalTest_Seed0,meo/100min-1500/100min1500SeqData_Energy_J2Energy_OE_Std_EvalTest_Seed0.log,Transformer,68.89,69.89,38,41,0.5532,288324.0,2.199737548828125,79.3236,True,0,0.9483,0.9778,0.9628,0.9126,0.8356,0.8724,0.4505,0.8089,0.5787,0.5172,0.1333,0.212,0.7072,0.6889,0.6565,0.7072,0.6889,0.6565,220.0,0.0,0.0,0.0,188.0,34.0,7.0,16.0,182.0,5.0,2.0,188.0
100min1500SeqData_Energy_J2Energy_OE_Std_EvalTest_Seed0,meo/100min-1500/100min1500SeqData_Energy_J2Energy_OE_Std_EvalTest_Seed0.log,1D-CNN (InceptionTime),97.33,97.33,53,53,0.1025,473092.0,3.609405517578125,582.2421,True,0,0.9614,0.9956,0.9782,0.9731,0.9644,0.9688,0.9954,0.9689,0.982,0.9644,0.9644,0.9644,0.9736,0.9733,0.9733,0.9736,0.9733,0.9733,224.0,0.0,1.0,0.0,217.0,0.0,4.0,3.0,218.0,5.0,3.0,0.0
100min1500SeqData_Energy_J2Energy_ResidLadder3_OE_Std_EvalTest_Seed2,meo/100min-1500/100min1500SeqData_Energy_J2Energy_ResidLadder3_OE_Std_EvalTest_Seed2.log,Decision Trees (LightGBM),88.78,88.78,1,1,0.4081,,0.4558858871459961,4.7183,False,0,0.7192,0.9333,0.8124,0.9956,0.9956,0.9956,1.0,0.9867,0.9933,0.8882,0.6356,0.7409,0.9007,0.8878,0.8855,0.9007,0.8878,0.8855,210.0,0.0,0.0,0.0,224.0,0.0,0.0,1.0,222.0,82.0,0.0,0.0
100min1500SeqData_Energy_J2Energy_ResidLadder3_OE_Std_EvalTest_Seed2,meo/100min-1500/100min1500SeqData_Energy_J2Energy_ResidLadder3_OE_Std_EvalTest_Seed2.log,MiniRocket,100.0,100.0,1,1,,9996.0,0.5941,32.0768,False,0,1.0,1.0,1.0,1.0,1.0,1.0,1.0,1.0,1.0,1.0,1.0,1.0,1.0,1.0,1.0,1.0,1.0,1.0,225.0,0.0,0.0,0.0,225.0,0.0,0.0,0.0,225.0,0.0,0.0,0.0
100min1500SeqData_Energy_J2Energy_ResidLadder3_OE_Std_EvalTest_Seed2,meo/100min-1500/100min1500SeqData_Energy_J2Energy_ResidLadder3_OE_Std_EvalTest_Seed2.log,LSTM,75.56,77.89,18,29,0.3539,94780.0,0.723114013671875,246.5753,True,0,0.5211,0.3289,0.4033,0.9956,1.0,0.9978,1.0,0.9956,0.9978,0.5097,0.6978,0.5891,0.7566,0.7556,0.747,0.7566,0.7556,0.747,74.0,0.0,0.0,0.0,225.0,0.0,0.0,1.0,224.0,68.0,0.0,0.0
100min1500SeqData_Energy_J2Energy_ResidLadder3_OE_Std_EvalTest_Seed2,meo/100min-1500/100min1500SeqData_Energy_J2Energy_ResidLadder3_OE_Std_EvalTest_Seed2.log,Mamba,99.44,99.44,33,33,0.0258,25018.0,0.1908721923828125,222.5811,True,0,1.0,1.0,1.0,0.9783,1.0,0.989,1.0,0.9778,0.9888,1.0,1.0,1.0,0.9946,0.9944,0.9944,0.9946,0.9944,0.9944,225.0,0.0,0.0,0.0,225.0,0.0,0.0,5.0,220.0,0.0,0.0,0.0
100min1500SeqData_Energy_J2Energy_ResidLadder3_OE_Std_EvalTest_Seed2,meo/100min-1500/100min1500SeqData_Energy_J2Energy_ResidLadder3_OE_Std_EvalTest_Seed2.log,Transformer,100.0,100.0,20,20,0.0,405132.0,3.090911865234375,45.1565,True,0,1.0,1.0,1.0,1.0,1.0,1.0,1.0,1.0,1.0,1.0,1.0,1.0,1.0,1.0,1.0,1.0,1.0,1.0,225.0,0.0,0.0,0.0,225.0,0.0,0.0,0.0,225.0,0.0,0.0,0.0
100min1500SeqData_Energy_J2Energy_ResidLadder3_OE_Std_EvalTest_Seed2,meo/100min-1500/100min1500SeqData_Energy_J2Energy_ResidLadder3_OE_Std_EvalTest_Seed2.log,1D-CNN (InceptionTime),99.33,99.33,3,25,0.0322,473668.0,3.613800048828125,268.565,True,0,1.0,1.0,1.0,0.9782,0.9956,0.9868,1.0,0.9822,0.991,0.9956,0.9956,0.9956,0.9934,0.9933,0.9933,0.9934,0.9933,0.9933,225.0,0.0,0.0,0.0,224.0,0.0,0.0,4.0,221.0,0.0,1.0,0.0
100min1500SeqData_Std_EvalTest_Seed1,meo/100min-1500/100min1500SeqData_Std_EvalTest_Seed1.log,Decision Trees (LightGBM),25.44,25.44,1,1,1.3873,,0.4420289993286133,2.1261,False,0,0.2531,0.2756,0.2638,0.2635,0.3244,0.2908,0.2486,0.2044,0.2244,0.2487,0.2133,0.2297,0.2535,0.2544,0.2522,0.2535,0.2544,0.2522,62.0,68.0,47.0,58.0,73.0,45.0,63.0,68.0,46.0,62.0,68.0,47.0
100min1500SeqData_Std_EvalTest_Seed1,meo/100min-1500/100min1500SeqData_Std_EvalTest_Seed1.log,MiniRocket,27.0,27.0,1,1,,9996.0,0.5914,30.5009,False,0,0.2656,0.2267,0.2446,0.2553,0.2667,0.2609,0.2549,0.1156,0.159,0.2857,0.4711,0.3557,0.2654,0.27,0.255,0.2654,0.27,0.255,51.0,59.0,26.0,49.0,60.0,27.0,49.0,63.0,26.0,43.0,53.0,23.0
100min1500SeqData_Std_EvalTest_Seed1,meo/100min-1500/100min1500SeqData_Std_EvalTest_Seed1.log,LSTM,25.0,25.0,1,25,1.3863,28660.0,0.218658447265625,133.2608,True,0,0.0,0.0,0.0,0.0,0.0,0.0,0.0,0.0,0.0,0.25,1.0,0.4,0.0625,0.25,0.1,0.0625,0.25,0.1,0.0,0.0,0.0,0.0,0.0,0.0,0.0,0.0,0.0,0.0,0.0,0.0
100min1500SeqData_Std_EvalTest_Seed1,meo/100min-1500/100min1500SeqData_Std_EvalTest_Seed1.log,Mamba,25.0,25.0,1,13,1.3863,12208.0,0.0931396484375,54.3523,True,0,0.25,0.3067,0.2754,0.25,0.2756,0.2622,0.25,0.3289,0.2841,0.25,0.0889,0.1311,0.25,0.25,0.2382,0.25,0.25,0.2382,69.0,62.0,74.0,69.0,62.0,74.0,69.0,62.0,74.0,69.0,62.0,74.0
100min1500SeqData_Std_EvalTest_Seed1,meo/100min-1500/100min1500SeqData_Std_EvalTest_Seed1.log,Transformer,25.0,25.11,4,43,1.3863,213092.0,1.625762939453125,78.2327,True,0,0.25,0.0267,0.0482,0.0,0.0,0.0,0.0,0.0,0.0,0.25,0.9733,0.3978,0.125,0.25,0.1115,0.125,0.25,0.1115,6.0,0.0,0.0,6.0,0.0,0.0,6.0,0.0,0.0,6.0,0.0,0.0
100min1500SeqData_Std_EvalTest_Seed1,meo/100min-1500/100min1500SeqData_Std_EvalTest_Seed1.log,1D-CNN (InceptionTime),25.0,25.0,1,17,1.3882,472708.0,3.606475830078125,178.5031,True,0,0.0,0.0,0.0,0.0,0.0,0.0,0.25,1.0,0.4,0.0,0.0,0.0,0.0625,0.25,0.1,0.0625,0.25,0.1,0.0,0.0,225.0,0.0,0.0,225.0,0.0,0.0,225.0,0.0,0.0,225.0
100min1500SeqData_Energy_J2Energy_ResidLadder3_OE_Std_EvalTest_Seed1,meo/100min-1500/100min1500SeqData_Energy_J2Energy_ResidLadder3_OE_Std_EvalTest_Seed1.log,Decision Trees (LightGBM),89.33,89.33,1,1,0.3981,,0.4553079605102539,4.6668,False,0,0.7211,0.9422,0.817,1.0,0.9956,0.9978,1.0,1.0,1.0,0.9108,0.6356,0.7487,0.908,0.8933,0.8909,0.908,0.8933,0.8909,212.0,0.0,0.0,0.0,224.0,0.0,0.0,0.0,225.0,82.0,0.0,0.0
100min1500SeqData_Energy_J2Energy_ResidLadder3_OE_Std_EvalTest_Seed1,meo/100min-1500/100min1500SeqData_Energy_J2Energy_ResidLadder3_OE_Std_EvalTest_Seed1.log,MiniRocket,100.0,100.0,1,1,,9996.0,0.5946,33.7224,False,0,1.0,1.0,1.0,1.0,1.0,1.0,1.0,1.0,1.0,1.0,1.0,1.0,1.0,1.0,1.0,1.0,1.0,1.0,225.0,0.0,0.0,0.0,225.0,0.0,0.0,0.0,225.0,0.0,0.0,0.0
100min1500SeqData_Energy_J2Energy_ResidLadder3_OE_Std_EvalTest_Seed1,meo/100min-1500/100min1500SeqData_Energy_J2Energy_ResidLadder3_OE_Std_EvalTest_Seed1.log,LSTM,100.0,100.0,37,37,0.0004,94780.0,0.723114013671875,317.3214,True,0,1.0,1.0,1.0,1.0,1.0,1.0,1.0,1.0,1.0,1.0,1.0,1.0,1.0,1.0,1.0,1.0,1.0,1.0,225.0,0.0,0.0,0.0,225.0,0.0,0.0,0.0,225.0,0.0,0.0,0.0
100min1500SeqData_Energy_J2Energy_ResidLadder3_OE_Std_EvalTest_Seed1,meo/100min-1500/100min1500SeqData_Energy_J2Energy_ResidLadder3_OE_Std_EvalTest_Seed1.log,Mamba,99.11,99.44,11,26,0.0353,25018.0,0.1908721923828125,171.9641,True,0,0.9956,1.0,0.9978,0.9823,0.9867,0.9845,0.991,0.9822,0.9866,0.9956,0.9956,0.9956,0.9911,0.9911,0.9911,0.9911,0.9911,0.9911,225.0,0.0,0.0,0.0,222.0,2.0,0.0,4.0,221.0,1.0,0.0,0.0
100min1500SeqData_Energy_J2Energy_ResidLadder3_OE_Std_EvalTest_Seed1,meo/100min-1500/100min1500SeqData_Energy_J2Energy_ResidLadder3_OE_Std_EvalTest_Seed1.log,Transformer,100.0,100.0,30,46,0.0,405132.0,3.090911865234375,105.2547,True,0,1.0,1.0,1.0,1.0,1.0,1.0,1.0,1.0,1.0,1.0,1.0,1.0,1.0,1.0,1.0,1.0,1.0,1.0,225.0,0.0,0.0,0.0,225.0,0.0,0.0,0.0,225.0,0.0,0.0,0.0
100min1500SeqData_Energy_J2Energy_ResidLadder3_OE_Std_EvalTest_Seed1,meo/100min-1500/100min1500SeqData_Energy_J2Energy_ResidLadder3_OE_Std_EvalTest_Seed1.log,1D-CNN (InceptionTime),99.67,99.67,26,26,0.0136,473668.0,3.613800048828125,278.8998,True,0,1.0,1.0,1.0,0.9868,1.0,0.9934,1.0,0.9867,0.9933,1.0,1.0,1.0,0.9967,0.9967,0.9967,0.9967,0.9967,0.9967,225.0,0.0,0.0,0.0,225.0,0.0,0.0,3.0,222.0,0.0,0.0,0.0
100min1500SeqData_Energy_J2Energy_OE_Std_EvalTest_Seed2,meo/100min-1500/100min1500SeqData_Energy_J2Energy_OE_Std_EvalTest_Seed2.log,Decision Trees (LightGBM),54.89,54.89,1,1,1.1232,,0.4416971206665039,3.1418,False,0,0.573,0.9244,0.7075,0.7047,0.6044,0.6507,0.4505,0.4444,0.4474,0.4098,0.2222,0.2882,0.5345,0.5489,0.5235,0.5345,0.5489,0.5235,208.0,0.0,12.0,8.0,136.0,46.0,64.0,29.0,100.0,83.0,28.0,64.0
100min1500SeqData_Energy_J2Energy_OE_Std_EvalTest_Seed2,meo/100min-1500/100min1500SeqData_Energy_J2Energy_OE_Std_EvalTest_Seed2.log,MiniRocket,99.22,99.22,1,1,,9996.0,0.5931,31.0535,False,0,0.9698,1.0,0.9847,1.0,1.0,1.0,1.0,1.0,1.0,1.0,0.9689,0.9842,0.9925,0.9922,0.9922,0.9925,0.9922,0.9922,225.0,0.0,0.0,0.0,225.0,0.0,0.0,0.0,225.0,7.0,0.0,0.0
100min1500SeqData_Energy_J2Energy_OE_Std_EvalTest_Seed2,meo/100min-1500/100min1500SeqData_Energy_J2Energy_OE_Std_EvalTest_Seed2.log,LSTM,32.89,33.33,8,26,1.3844,50500.0,0.385284423828125,169.4822,True,0,0.3352,0.5244,0.409,0.3612,0.5378,0.4321,0.2985,0.0889,0.137,0.2534,0.1644,0.1995,0.3121,0.3289,0.2944,0.3121,0.3289,0.2944,118.0,58.0,12.0,58.0,121.0,16.0,82.0,81.0,20.0,94.0,75.0,19.0
100min1500SeqData_Energy_J2Energy_OE_Std_EvalTest_Seed2,meo/100min-1500/100min1500SeqData_Energy_J2Energy_OE_Std_EvalTest_Seed2.log,Mamba,57.44,57.44,54,54,1.014,17044.0,0.130035400390625,271.6462,True,0,0.6667,0.8533,0.7485,0.7008,0.76,0.7292,0.4211,0.4267,0.4238,0.4143,0.2578,0.3178,0.5507,0.5744,0.5548,0.5507,0.5744,0.5548,192.0,2.0,14.0,7.0,171.0,36.0,39.0,36.0,96.0,50.0,35.0,82.0
100min1500SeqData_Energy_J2Energy_OE_Std_EvalTest_Seed2,meo/100min-1500/100min1500SeqData_Energy_J2Energy_OE_Std_EvalTest_Seed2.log,Transformer,70.11,70.67,53,68,0.5502,288324.0,2.199737548828125,131.7613,True,0,0.9739,0.9956,0.9846,0.8304,0.8267,0.8285,0.4936,0.5156,0.5043,0.4976,0.4667,0.4817,0.6989,0.7011,0.6998,0.6989,0.7011,0.6998,224.0,0.0,0.0,0.0,186.0,18.0,4.0,21.0,116.0,2.0,17.0,101.0
100min1500SeqData_Energy_J2Energy_OE_Std_EvalTest_Seed2,meo/100min-1500/100min1500SeqData_Energy_J2Energy_OE_Std_EvalTest_Seed2.log,1D-CNN (InceptionTime),94.11,95.78,45,51,0.2008,473092.0,3.609405517578125,558.3592,True,0,0.9244,0.9778,0.9503,0.942,0.9378,0.9399,0.9345,0.9511,0.9427,0.9665,0.8978,0.9309,0.9418,0.9411,0.9409,0.9418,0.9411,0.9409,220.0,0.0,4.0,1.0,211.0,8.0,6.0,4.0,214.0,11.0,9.0,3.0
100min1500SeqData_Std_EvalTest_Seed0,meo/100min-1500/100min1500SeqData_Std_EvalTest_Seed0.log,Decision Trees (LightGBM),25.44,25.44,1,1,1.387,,0.4427776336669922,2.141,False,0,0.2586,0.3022,0.2787,0.2575,0.2667,0.262,0.2489,0.2533,0.2511,0.2514,0.1956,0.22,0.2541,0.2544,0.2529,0.2541,0.2544,0.2529,68.0,57.0,56.0,64.0,60.0,59.0,66.0,57.0,57.0,65.0,59.0,57.0
100min1500SeqData_Std_EvalTest_Seed0,meo/100min-1500/100min1500SeqData_Std_EvalTest_Seed0.log,MiniRocket,27.22,27.22,1,1,,9996.0,0.5914,30.1461,False,0,0.2664,0.2533,0.2597,0.2638,0.1911,0.2216,0.2523,0.12,0.1627,0.2837,0.5244,0.3682,0.2665,0.2722,0.253,0.2665,0.2722,0.253,57.0,42.0,27.0,52.0,43.0,30.0,56.0,43.0,27.0,49.0,35.0,23.0
100min1500SeqData_Std_EvalTest_Seed0,meo/100min-1500/100min1500SeqData_Std_EvalTest_Seed0.log,LSTM,25.0,25.0,1,18,1.3863,28660.0,0.218658447265625,94.7356,True,0,0.0,0.0,0.0,0.0,0.0,0.0,0.25,0.0044,0.0087,0.25,0.9956,0.3996,0.125,0.25,0.1021,0.125,0.25,0.1021,0.0,0.0,1.0,0.0,0.0,1.0,0.0,0.0,1.0,0.0,0.0,1.0
100min1500SeqData_Std_EvalTest_Seed0,meo/100min-1500/100min1500SeqData_Std_EvalTest_Seed0.log,Mamba,25.0,25.0,1,24,1.3863,12208.0,0.0931396484375,101.7052,True,0,0.25,0.0889,0.1311,0.25,0.3067,0.2754,0.25,0.0844,0.1262,0.25,0.52,0.3377,0.25,0.25,0.2176,0.25,0.25,0.2176,20.0,69.0,19.0,20.0,69.0,19.0,20.0,69.0,19.0,20.0,69.0,19.0
100min1500SeqData_Std_EvalTest_Seed0,meo/100min-1500/100min1500SeqData_Std_EvalTest_Seed0.log,Transformer,25.0,25.0,1,29,1.3864,213092.0,1.625762939453125,52.4874,True,0,0.0,0.0,0.0,0.0,0.0,0.0,0.25,1.0,0.4,0.0,0.0,0.0,0.0625,0.25,0.1,0.0625,0.25,0.1,0.0,0.0,225.0,0.0,0.0,225.0,0.0,0.0,225.0,0.0,0.0,225.0
100min1500SeqData_Std_EvalTest_Seed0,meo/100min-1500/100min1500SeqData_Std_EvalTest_Seed0.log,1D-CNN (InceptionTime),25.0,25.0,1,29,1.3864,472708.0,3.606475830078125,312.2787,True,0,0.0,0.0,0.0,0.0,0.0,0.0,0.25,1.0,0.4,0.0,0.0,0.0,0.0625,0.25,0.1,0.0625,0.25,0.1,0.0,0.0,225.0,0.0,0.0,225.0,0.0,0.0,225.0,0.0,0.0,225.0
100min1500SeqData_Energy_J2Energy_OE_Std_EvalTest_Seed1,meo/100min-1500/100min1500SeqData_Energy_J2Energy_OE_Std_EvalTest_Seed1.log,Decision Trees (LightGBM),57.33,57.33,1,1,1.1304,,0.441497802734375,3.1294,False,0,0.6182,0.9067,0.7351,0.7353,0.6667,0.6993,0.456,0.5067,0.48,0.4138,0.2133,0.2815,0.5558,0.5733,0.549,0.5558,0.5733,0.549,204.0,4.0,11.0,11.0,150.0,35.0,52.0,26.0,114.0,63.0,24.0,90.0
100min1500SeqData_Energy_J2Energy_OE_Std_EvalTest_Seed1,meo/100min-1500/100min1500SeqData_Energy_J2Energy_OE_Std_EvalTest_Seed1.log,MiniRocket,99.33,99.33,1,1,,9996.0,0.5935,32.6444,False,0,0.974,1.0,0.9868,1.0,1.0,1.0,1.0,1.0,1.0,1.0,0.9733,0.9865,0.9935,0.9933,0.9933,0.9935,0.9933,0.9933,225.0,0.0,0.0,0.0,225.0,0.0,0.0,0.0,225.0,6.0,0.0,0.0
100min1500SeqData_Energy_J2Energy_OE_Std_EvalTest_Seed1,meo/100min-1500/100min1500SeqData_Energy_J2Energy_OE_Std_EvalTest_Seed1.log,LSTM,33.89,35.33,18,36,1.3752,50500.0,0.385284423828125,237.95,True,0,0.3386,0.5689,0.4245,0.3692,0.5333,0.4364,0.2892,0.1067,0.1558,0.2895,0.1467,0.1947,0.3216,0.3389,0.3029,0.3216,0.3389,0.3029,128.0,64.0,10.0,59.0,120.0,25.0,93.0,71.0,24.0,98.0,70.0,24.0
100min1500SeqData_Energy_J2Energy_OE_Std_EvalTest_Seed1,meo/100min-1500/100min1500SeqData_Energy_J2Energy_OE_Std_EvalTest_Seed1.log,Mamba,52.56,52.56,40,40,1.1984,17044.0,0.130035400390625,200.4803,True,0,0.6667,0.7556,0.7083,0.5943,0.7422,0.6601,0.3512,0.2622,0.3003,0.3929,0.3422,0.3658,0.5013,0.5256,0.5086,0.5013,0.5256,0.5086,170.0,7.0,26.0,9.0,167.0,31.0,31.0,56.0,59.0,45.0,51.0,52.0
100min1500SeqData_Energy_J2Energy_OE_Std_EvalTest_Seed1,meo/100min-1500/100min1500SeqData_Energy_J2Energy_OE_Std_EvalTest_Seed1.log,Transformer,74.0,77.67,68,71,0.5456,288324.0,2.199737548828125,137.5425,True,0,0.9739,0.9956,0.9846,0.885,0.7867,0.8329,0.5331,0.7511,0.6236,0.6275,0.4267,0.5079,0.7549,0.74,0.7373,0.7549,0.74,0.7373,224.0,0.0,1.0,0.0,177.0,33.0,2.0,12.0,169.0,4.0,11.0,114.0
100min1500SeqData_Energy_J2Energy_OE_Std_EvalTest_Seed1,meo/100min-1500/100min1500SeqData_Energy_J2Energy_OE_Std_EvalTest_Seed1.log,1D-CNN (InceptionTime),95.78,95.78,49,49,0.1945,473092.0,3.609405517578125,536.3132,True,0,0.9244,0.9778,0.9503,0.9646,0.9689,0.9667,0.9735,0.9778,0.9756,0.9714,0.9067,0.9379,0.9585,0.9578,0.9577,0.9585,0.9578,0.9577,220.0,0.0,5.0,2.0,218.0,0.0,1.0,3.0,220.0,15.0,5.0,1.0
10min1500SeqData_Energy_J2Energy_OE_Std_EvalTest_Seed0,meo/10min-1500/10min1500SeqData_Energy_J2Energy_OE_Std_EvalTest_Seed0.log,Decision Trees (LightGBM),47.33,47.33,1,1,1.2597,,0.40071964263916016,0.292,False,0,0.4276,0.5644,0.4866,0.4205,0.1644,0.2364,0.3489,0.4311,0.3857,0.6962,0.7333,0.7143,0.4733,0.4733,0.4557,0.4733,0.4733,0.4557,127.0,14.0,77.0,64.0,37.0,74.0,96.0,17.0,97.0,10.0,20.0,30.0
10min1500SeqData_Energy_J2Energy_OE_Std_EvalTest_Seed0,meo/10min-1500/10min1500SeqData_Energy_J2Energy_OE_Std_EvalTest_Seed0.log,MiniRocket,99.89,99.89,1,1,,9996.0,0.5787,21.7451,False,0,0.9956,1.0,0.9978,1.0,1.0,1.0,1.0,0.9956,0.9978,1.0,1.0,1.0,0.9989,0.9989,0.9989,0.9989,0.9989,0.9989,225.0,0.0,0.0,0.0,225.0,0.0,1.0,0.0,224.0,0.0,0.0,0.0
10min1500SeqData_Energy_J2Energy_OE_Std_EvalTest_Seed0,meo/10min-1500/10min1500SeqData_Energy_J2Energy_OE_Std_EvalTest_Seed0.log,LSTM,72.22,73.22,93,96,0.7854,50500.0,0.385284423828125,98.5176,True,0,0.682,0.8578,0.7598,0.6589,0.6267,0.6424,0.6737,0.5689,0.6169,0.8826,0.8356,0.8584,0.7243,0.7222,0.7194,0.7243,0.7222,0.7194,193.0,7.0,22.0,26.0,141.0,39.0,63.0,31.0,128.0,1.0,35.0,1.0
10min1500SeqData_Energy_J2Energy_OE_Std_EvalTest_Seed0,meo/10min-1500/10min1500SeqData_Energy_J2Energy_OE_Std_EvalTest_Seed0.log,Mamba,65.0,65.33,71,72,1.1889,17044.0,0.130035400390625,265.0569,True,0,0.6014,0.7778,0.6783,0.6,0.52,0.5571,0.5578,0.4933,0.5236,0.8465,0.8089,0.8273,0.6514,0.65,0.6466,0.6514,0.65,0.6466,175.0,7.0,41.0,37.0,117.0,45.0,67.0,42.0,111.0,12.0,29.0,2.0
10min1500SeqData_Energy_J2Energy_OE_Std_EvalTest_Seed0,meo/10min-1500/10min1500SeqData_Energy_J2Energy_OE_Std_EvalTest_Seed0.log,Transformer,86.11,90.11,75,86,0.3597,288324.0,2.199737548828125,116.3802,True,0,0.9367,0.9867,0.961,0.8053,0.68,0.7373,0.7565,0.9111,0.8266,0.9653,0.8667,0.9133,0.8659,0.8611,0.8596,0.8659,0.8611,0.8596,222.0,0.0,3.0,2.0,153.0,63.0,13.0,7.0,205.0,0.0,30.0,0.0
10min1500SeqData_Energy_J2Energy_OE_Std_EvalTest_Seed0,meo/10min-1500/10min1500SeqData_Energy_J2Energy_OE_Std_EvalTest_Seed0.log,1D-CNN (InceptionTime),92.67,93.33,47,51,0.2823,473092.0,3.609405517578125,175.9458,True,0,0.8874,0.9111,0.8991,0.9587,0.9289,0.9436,0.9027,0.9067,0.9047,0.96,0.96,0.96,0.9272,0.9267,0.9268,0.9272,0.9267,0.9268,205.0,0.0,19.0,6.0,209.0,3.0,20.0,0.0,204.0,0.0,9.0,0.0
10min1500SeqData_Energy_J2Energy_ResidLadder3_OE_Std_EvalTest_Seed0,meo/10min-1500/10min1500SeqData_Energy_J2Energy_ResidLadder3_OE_Std_EvalTest_Seed0.log,Decision Trees (LightGBM),99.33,99.33,1,1,0.1781,,0.4008979797363281,0.4503,False,0,0.9956,1.0,0.9978,0.9867,0.9911,0.9889,0.9956,0.9956,0.9956,0.9955,0.9867,0.9911,0.9933,0.9933,0.9933,0.9933,0.9933,0.9933,225.0,0.0,0.0,0.0,223.0,1.0,1.0,0.0,224.0,0.0,3.0,0.0
10min1500SeqData_Energy_J2Energy_ResidLadder3_OE_Std_EvalTest_Seed0,meo/10min-1500/10min1500SeqData_Energy_J2Energy_ResidLadder3_OE_Std_EvalTest_Seed0.log,MiniRocket,99.67,99.67,1,1,,9996.0,0.5788,21.8104,False,0,0.9956,1.0,0.9978,1.0,0.9911,0.9955,0.9956,0.9956,0.9956,0.9956,1.0,0.9978,0.9967,0.9967,0.9967,0.9967,0.9967,0.9967,225.0,0.0,0.0,0.0,223.0,1.0,1.0,0.0,224.0,0.0,0.0,0.0
10min1500SeqData_Energy_J2Energy_ResidLadder3_OE_Std_EvalTest_Seed0,meo/10min-1500/10min1500SeqData_Energy_J2Energy_ResidLadder3_OE_Std_EvalTest_Seed0.log,LSTM,99.89,99.89,34,34,0.0081,94780.0,0.723114013671875,41.3999,True,0,0.9956,1.0,0.9978,1.0,1.0,1.0,1.0,0.9956,0.9978,1.0,1.0,1.0,0.9989,0.9989,0.9989,0.9989,0.9989,0.9989,225.0,0.0,0.0,0.0,225.0,0.0,1.0,0.0,224.0,0.0,0.0,0.0
10min1500SeqData_Energy_J2Energy_ResidLadder3_OE_Std_EvalTest_Seed0,meo/10min-1500/10min1500SeqData_Energy_J2Energy_ResidLadder3_OE_Std_EvalTest_Seed0.log,Mamba,94.0,94.0,28,28,0.1955,25018.0,0.1908721923828125,108.1436,True,0,0.9956,1.0,0.9978,0.8839,0.88,0.882,0.9956,0.9956,0.9956,0.8844,0.8844,0.8844,0.9399,0.94,0.9399,0.9399,0.94,0.9399,225.0,0.0,0.0,0.0,198.0,1.0,1.0,0.0,224.0,0.0,26.0,0.0
10min1500SeqData_Energy_J2Energy_ResidLadder3_OE_Std_EvalTest_Seed0,meo/10min-1500/10min1500SeqData_Energy_J2Energy_ResidLadder3_OE_Std_EvalTest_Seed0.log,Transformer,99.89,99.89,34,34,0.0079,405132.0,3.090911865234375,47.3759,True,0,0.9956,1.0,0.9978,1.0,1.0,1.0,1.0,0.9956,0.9978,1.0,1.0,1.0,0.9989,0.9989,0.9989,0.9989,0.9989,0.9989,225.0,0.0,0.0,0.0,225.0,0.0,1.0,0.0,224.0,0.0,0.0,0.0
10min1500SeqData_Energy_J2Energy_ResidLadder3_OE_Std_EvalTest_Seed0,meo/10min-1500/10min1500SeqData_Energy_J2Energy_ResidLadder3_OE_Std_EvalTest_Seed0.log,1D-CNN (InceptionTime),95.0,95.0,26,26,0.129,473668.0,3.613800048828125,90.1552,True,0,0.9956,1.0,0.9978,0.8851,0.9244,0.9043,1.0,0.9956,0.9978,0.9209,0.88,0.9,0.9504,0.95,0.95,0.9504,0.95,0.95,225.0,0.0,0.0,0.0,208.0,0.0,1.0,0.0,224.0,0.0,27.0,0.0
10min1500SeqData_Energy_J2Energy_ResidLadder3_OE_Std_EvalTest_Seed1,meo/10min-1500/10min1500SeqData_Energy_J2Energy_ResidLadder3_OE_Std_EvalTest_Seed1.log,Decision Trees (LightGBM),98.89,98.89,1,1,0.1895,,0.40096569061279297,0.466,False,0,0.9657,1.0,0.9825,0.9956,0.9956,0.9956,1.0,0.9644,0.9819,0.9956,0.9956,0.9956,0.9892,0.9889,0.9889,0.9892,0.9889,0.9889,225.0,0.0,0.0,0.0,224.0,0.0,8.0,0.0,217.0,0.0,1.0,0.0
10min1500SeqData_Energy_J2Energy_ResidLadder3_OE_Std_EvalTest_Seed1,meo/10min-1500/10min1500SeqData_Energy_J2Energy_ResidLadder3_OE_Std_EvalTest_Seed1.log,MiniRocket,99.0,99.0,1,1,,9996.0,0.5788,23.8432,False,0,0.9657,1.0,0.9825,0.9956,1.0,0.9978,1.0,0.96,0.9796,1.0,1.0,1.0,0.9903,0.99,0.99,0.9903,0.99,0.99,225.0,0.0,0.0,0.0,225.0,0.0,8.0,1.0,216.0,0.0,0.0,0.0
10min1500SeqData_Energy_J2Energy_ResidLadder3_OE_Std_EvalTest_Seed1,meo/10min-1500/10min1500SeqData_Energy_J2Energy_ResidLadder3_OE_Std_EvalTest_Seed1.log,LSTM,98.89,99.67,8,52,0.0439,94780.0,0.723114013671875,64.0652,True,0,0.9657,1.0,0.9825,0.9912,1.0,0.9956,1.0,0.9644,0.9819,1.0,0.9911,0.9955,0.9892,0.9889,0.9889,0.9892,0.9889,0.9889,225.0,0.0,0.0,0.0,225.0,0.0,8.0,0.0,217.0,0.0,2.0,0.0
10min1500SeqData_Energy_J2Energy_ResidLadder3_OE_Std_EvalTest_Seed1,meo/10min-1500/10min1500SeqData_Energy_J2Energy_ResidLadder3_OE_Std_EvalTest_Seed1.log,Mamba,91.89,93.67,12,23,0.3094,25018.0,0.1908721923828125,84.2278,True,0,0.9655,0.9956,0.9803,0.8649,0.8533,0.8591,0.9953,0.9511,0.9727,0.8528,0.8756,0.864,0.9196,0.9189,0.919,0.9196,0.9189,0.919,224.0,0.0,1.0,0.0,192.0,0.0,8.0,2.0,214.0,0.0,28.0,0.0
10min1500SeqData_Energy_J2Energy_ResidLadder3_OE_Std_EvalTest_Seed1,meo/10min-1500/10min1500SeqData_Energy_J2Energy_ResidLadder3_OE_Std_EvalTest_Seed1.log,Transformer,99.11,99.78,4,62,0.0376,405132.0,3.090911865234375,88.0931,True,0,0.9657,1.0,0.9825,1.0,1.0,1.0,1.0,0.9644,0.9819,1.0,1.0,1.0,0.9914,0.9911,0.9911,0.9914,0.9911,0.9911,225.0,0.0,0.0,0.0,225.0,0.0,8.0,0.0,217.0,0.0,0.0,0.0
10min1500SeqData_Energy_J2Energy_ResidLadder3_OE_Std_EvalTest_Seed1,meo/10min-1500/10min1500SeqData_Energy_J2Energy_ResidLadder3_OE_Std_EvalTest_Seed1.log,1D-CNN (InceptionTime),93.22,95.89,19,31,0.2337,473668.0,3.613800048828125,109.473,True,0,0.9655,0.9956,0.9803,0.9179,0.8444,0.8796,0.9954,0.9644,0.9797,0.856,0.9244,0.8889,0.9337,0.9322,0.9321,0.9337,0.9322,0.9321,224.0,0.0,1.0,0.0,190.0,0.0,8.0,0.0,217.0,0.0,17.0,0.0
10min1500SeqData_Energy_J2Energy_ResidLadder3_OE_Std_EvalTest_Seed2,meo/10min-1500/10min1500SeqData_Energy_J2Energy_ResidLadder3_OE_Std_EvalTest_Seed2.log,Decision Trees (LightGBM),98.78,98.78,1,1,0.1953,,0.40096473693847656,0.4438,False,0,0.9657,1.0,0.9825,1.0,0.9867,0.9933,1.0,0.9644,0.9819,0.9868,1.0,0.9934,0.9881,0.9878,0.9878,0.9881,0.9878,0.9878,225.0,0.0,0.0,0.0,222.0,0.0,8.0,0.0,217.0,0.0,0.0,0.0
10min1500SeqData_Energy_J2Energy_ResidLadder3_OE_Std_EvalTest_Seed2,meo/10min-1500/10min1500SeqData_Energy_J2Energy_ResidLadder3_OE_Std_EvalTest_Seed2.log,MiniRocket,99.11,99.11,1,1,,9996.0,0.5787,20.7248,False,0,0.9657,1.0,0.9825,1.0,1.0,1.0,1.0,0.9644,0.9819,1.0,1.0,1.0,0.9914,0.9911,0.9911,0.9914,0.9911,0.9911,225.0,0.0,0.0,0.0,225.0,0.0,8.0,0.0,217.0,0.0,0.0,0.0
10min1500SeqData_Energy_J2Energy_ResidLadder3_OE_Std_EvalTest_Seed2,meo/10min-1500/10min1500SeqData_Energy_J2Energy_ResidLadder3_OE_Std_EvalTest_Seed2.log,LSTM,99.11,99.67,5,56,0.0413,94780.0,0.723114013671875,68.619,True,0,0.9657,1.0,0.9825,1.0,1.0,1.0,1.0,0.9644,0.9819,1.0,1.0,1.0,0.9914,0.9911,0.9911,0.9914,0.9911,0.9911,225.0,0.0,0.0,0.0,225.0,0.0,8.0,0.0,217.0,0.0,0.0,0.0
10min1500SeqData_Energy_J2Energy_ResidLadder3_OE_Std_EvalTest_Seed2,meo/10min-1500/10min1500SeqData_Energy_J2Energy_ResidLadder3_OE_Std_EvalTest_Seed2.log,Mamba,92.33,94.22,18,21,0.265,25018.0,0.1908721923828125,76.789,True,0,0.9697,0.9956,0.9825,0.8504,0.8844,0.8671,0.9909,0.9644,0.9775,0.8843,0.8489,0.8662,0.9238,0.9233,0.9233,0.9238,0.9233,0.9233,224.0,0.0,1.0,0.0,199.0,1.0,7.0,1.0,217.0,0.0,34.0,0.0
10min1500SeqData_Energy_J2Energy_ResidLadder3_OE_Std_EvalTest_Seed2,meo/10min-1500/10min1500SeqData_Energy_J2Energy_ResidLadder3_OE_Std_EvalTest_Seed2.log,Transformer,99.11,99.67,3,26,0.0454,405132.0,3.090911865234375,35.2549,True,0,0.9657,1.0,0.9825,1.0,1.0,1.0,1.0,0.9644,0.9819,1.0,1.0,1.0,0.9914,0.9911,0.9911,0.9914,0.9911,0.9911,225.0,0.0,0.0,0.0,225.0,0.0,8.0,0.0,217.0,0.0,0.0,0.0
10min1500SeqData_Energy_J2Energy_ResidLadder3_OE_Std_EvalTest_Seed2,meo/10min-1500/10min1500SeqData_Energy_J2Energy_ResidLadder3_OE_Std_EvalTest_Seed2.log,1D-CNN (InceptionTime),93.78,94.33,15,26,0.2106,473668.0,3.613800048828125,88.2894,True,0,0.9655,0.9956,0.9803,0.9406,0.8444,0.8899,0.9954,0.9644,0.9797,0.8589,0.9467,0.9006,0.9401,0.9378,0.9376,0.9401,0.9378,0.9376,224.0,0.0,1.0,0.0,190.0,0.0,8.0,0.0,217.0,0.0,12.0,0.0
10min1500SeqData_Energy_J2Energy_OE_Std_EvalTest_Seed1,meo/10min-1500/10min1500SeqData_Energy_J2Energy_OE_Std_EvalTest_Seed1.log,Decision Trees (LightGBM),44.89,44.89,1,1,1.2569,,0.40130138397216797,0.2895,False,0,0.3919,0.6444,0.4874,0.3592,0.1644,0.2256,0.3095,0.2889,0.2989,0.7235,0.6978,0.7104,0.446,0.4489,0.4306,0.446,0.4489,0.4306,145.0,18.0,58.0,76.0,37.0,67.0,128.0,21.0,65.0,21.0,27.0,20.0
10min1500SeqData_Energy_J2Energy_OE_Std_EvalTest_Seed1,meo/10min-1500/10min1500SeqData_Energy_J2Energy_OE_Std_EvalTest_Seed1.log,MiniRocket,98.78,98.78,1,1,,9996.0,0.5787,21.9335,False,0,0.9534,1.0,0.9761,1.0,0.9867,0.9933,1.0,0.9644,0.9819,1.0,1.0,1.0,0.9883,0.9878,0.9878,0.9883,0.9878,0.9878,225.0,0.0,0.0,3.0,222.0,0.0,8.0,0.0,217.0,0.0,0.0,0.0
10min1500SeqData_Energy_J2Energy_OE_Std_EvalTest_Seed1,meo/10min-1500/10min1500SeqData_Energy_J2Energy_OE_Std_EvalTest_Seed1.log,LSTM,74.78,74.78,101,101,0.7039,50500.0,0.385284423828125,104.4957,False,0,0.7256,0.8578,0.7862,0.6729,0.64,0.656,0.6866,0.6133,0.6479,0.9041,0.88,0.8919,0.7473,0.7478,0.7455,0.7473,0.7478,0.7455,193.0,13.0,17.0,18.0,144.0,46.0,52.0,33.0,138.0,3.0,24.0,0.0
10min1500SeqData_Energy_J2Energy_OE_Std_EvalTest_Seed1,meo/10min-1500/10min1500SeqData_Energy_J2Energy_OE_Std_EvalTest_Seed1.log,Mamba,63.22,65.33,55,58,1.0537,17044.0,0.130035400390625,223.2024,True,0,0.5791,0.7644,0.659,0.5842,0.5244,0.5527,0.5449,0.4044,0.4643,0.8034,0.8356,0.8192,0.6279,0.6322,0.6238,0.6279,0.6322,0.6238,172.0,13.0,37.0,37.0,118.0,33.0,78.0,50.0,91.0,10.0,21.0,6.0
10min1500SeqData_Energy_J2Energy_OE_Std_EvalTest_Seed1,meo/10min-1500/10min1500SeqData_Energy_J2Energy_OE_Std_EvalTest_Seed1.log,Transformer,91.56,91.56,101,101,0.2769,288324.0,2.199737548828125,138.826,False,0,0.9139,0.9911,0.951,0.9607,0.76,0.8486,0.8394,0.9289,0.8819,0.9651,0.9822,0.9736,0.9198,0.9156,0.9138,0.9198,0.9156,0.9138,223.0,0.0,2.0,9.0,171.0,38.0,10.0,5.0,209.0,2.0,2.0,0.0
10min1500SeqData_Energy_J2Energy_OE_Std_EvalTest_Seed1,meo/10min-1500/10min1500SeqData_Energy_J2Energy_OE_Std_EvalTest_Seed1.log,1D-CNN (InceptionTime),92.0,92.67,85,87,0.294,473092.0,3.609405517578125,305.7533,True,0,0.8715,0.9644,0.9156,0.9152,0.9111,0.9131,0.9559,0.8667,0.9091,0.9462,0.9378,0.942,0.9222,0.92,0.92,0.9222,0.92,0.92,217.0,1.0,6.0,8.0,205.0,2.0,24.0,5.0,195.0,0.0,13.0,1.0
10min1500SeqData_Std_EvalTest_Seed0,meo/10min-1500/10min1500SeqData_Std_EvalTest_Seed0.log,Decision Trees (LightGBM),25.44,25.44,1,1,1.3867,,0.4087677001953125,0.213,False,0,0.25,0.2356,0.2426,0.2524,0.2311,0.2413,0.2519,0.2889,0.2692,0.2634,0.2622,0.2628,0.2544,0.2544,0.254,0.2544,0.2544,0.254,53.0,52.0,65.0,53.0,52.0,65.0,53.0,52.0,65.0,53.0,50.0,63.0
10min1500SeqData_Std_EvalTest_Seed0,meo/10min-1500/10min1500SeqData_Std_EvalTest_Seed0.log,MiniRocket,28.89,28.89,1,1,,9996.0,0.5786,31.1746,False,0,0.2723,0.2578,0.2648,0.2878,0.1778,0.2198,0.28,0.1556,0.2,0.3002,0.5644,0.392,0.2851,0.2889,0.2691,0.2851,0.2889,0.2691,58.0,33.0,34.0,55.0,40.0,33.0,57.0,34.0,35.0,43.0,32.0,23.0
10min1500SeqData_Std_EvalTest_Seed0,meo/10min-1500/10min1500SeqData_Std_EvalTest_Seed0.log,LSTM,25.0,25.0,1,18,1.3863,28660.0,0.218658447265625,16.0795,True,0,0.0,0.0,0.0,0.0,0.0,0.0,0.0,0.0,0.0,0.25,1.0,0.4,0.0625,0.25,0.1,0.0625,0.25,0.1,0.0,0.0,0.0,0.0,0.0,0.0,0.0,0.0,0.0,0.0,0.0,0.0
10min1500SeqData_Std_EvalTest_Seed0,meo/10min-1500/10min1500SeqData_Std_EvalTest_Seed0.log,Mamba,25.0,25.11,2,24,1.3863,12208.0,0.0931396484375,90.0869,True,0,0.25,0.2178,0.2328,0.25,0.2933,0.2699,0.25,0.0578,0.0939,0.25,0.4311,0.3165,0.25,0.25,0.2283,0.25,0.25,0.2283,49.0,66.0,13.0,49.0,66.0,13.0,49.0,66.0,13.0,49.0,66.0,13.0
10min1500SeqData_Std_EvalTest_Seed0,meo/10min-1500/10min1500SeqData_Std_EvalTest_Seed0.log,Transformer,25.0,25.0,1,18,1.3877,213092.0,1.625762939453125,22.895,True,0,0.0,0.0,0.0,0.0,0.0,0.0,0.25,1.0,0.4,0.0,0.0,0.0,0.0625,0.25,0.1,0.0625,0.25,0.1,0.0,0.0,225.0,0.0,0.0,225.0,0.0,0.0,225.0,0.0,0.0,225.0
10min1500SeqData_Std_EvalTest_Seed0,meo/10min-1500/10min1500SeqData_Std_EvalTest_Seed0.log,1D-CNN (InceptionTime),25.0,25.0,1,31,1.3864,472708.0,3.606475830078125,103.8582,True,0,0.0,0.0,0.0,0.0,0.0,0.0,0.0,0.0,0.0,0.25,1.0,0.4,0.0625,0.25,0.1,0.0625,0.25,0.1,0.0,0.0,0.0,0.0,0.0,0.0,0.0,0.0,0.0,0.0,0.0,0.0
10min1500SeqData_Std_EvalTest_Seed2,meo/10min-1500/10min1500SeqData_Std_EvalTest_Seed2.log,Decision Trees (LightGBM),25.11,25.11,1,1,1.3869,,0.40870094299316406,0.2116,False,0,0.2518,0.3067,0.2766,0.25,0.1467,0.1849,0.2512,0.2267,0.2383,0.2509,0.3244,0.2829,0.251,0.2511,0.2457,0.251,0.2511,0.2457,69.0,33.0,50.0,68.0,33.0,52.0,68.0,33.0,51.0,69.0,33.0,50.0
10min1500SeqData_Std_EvalTest_Seed2,meo/10min-1500/10min1500SeqData_Std_EvalTest_Seed2.log,MiniRocket,33.22,33.22,1,1,,9996.0,0.5785,19.6777,False,0,0.3023,0.2889,0.2955,0.2961,0.2,0.2387,0.2672,0.1556,0.1966,0.3831,0.6844,0.4912,0.3122,0.3322,0.3055,0.3122,0.3322,0.3055,65.0,42.0,36.0,62.0,45.0,35.0,64.0,43.0,35.0,24.0,22.0,25.0
10min1500SeqData_Std_EvalTest_Seed2,meo/10min-1500/10min1500SeqData_Std_EvalTest_Seed2.log,LSTM,25.0,25.0,1,13,1.3864,28660.0,0.218658447265625,11.766,True,0,0.0,0.0,0.0,0.25,0.3111,0.2772,0.0,0.0,0.0,0.25,0.6889,0.3669,0.125,0.25,0.161,0.125,0.25,0.161,0.0,70.0,0.0,0.0,70.0,0.0,0.0,70.0,0.0,0.0,70.0,0.0
10min1500SeqData_Std_EvalTest_Seed2,meo/10min-1500/10min1500SeqData_Std_EvalTest_Seed2.log,Mamba,25.0,25.11,13,24,1.3863,12208.0,0.0931396484375,92.9117,True,0,0.25,0.2533,0.2517,0.25,0.32,0.2807,0.25,0.2756,0.2622,0.25,0.1511,0.1884,0.25,0.25,0.2457,0.25,0.25,0.2457,57.0,72.0,62.0,57.0,72.0,62.0,57.0,72.0,62.0,57.0,72.0,62.0
10min1500SeqData_Std_EvalTest_Seed2,meo/10min-1500/10min1500SeqData_Std_EvalTest_Seed2.log,Transformer,25.0,25.0,1,23,1.387,213092.0,1.625762939453125,31.8542,True,0,0.0,0.0,0.0,0.0,0.0,0.0,0.25,1.0,0.4,0.0,0.0,0.0,0.0625,0.25,0.1,0.0625,0.25,0.1,0.0,0.0,225.0,0.0,0.0,225.0,0.0,0.0,225.0,0.0,0.0,225.0
10min1500SeqData_Std_EvalTest_Seed2,meo/10min-1500/10min1500SeqData_Std_EvalTest_Seed2.log,1D-CNN (InceptionTime),25.0,25.0,1,33,1.3862,472708.0,3.606475830078125,113.6785,True,0,0.25,0.2844,0.2661,0.0,0.0,0.0,0.25,0.7156,0.3705,0.0,0.0,0.0,0.125,0.25,0.1592,0.125,0.25,0.1592,64.0,0.0,161.0,64.0,0.0,161.0,64.0,0.0,161.0,64.0,0.0,161.0
10min1500SeqData_Std_EvalTest_Seed1,meo/10min-1500/10min1500SeqData_Std_EvalTest_Seed1.log,Decision Trees (LightGBM),24.78,24.78,1,1,1.387,,0.40877532958984375,0.2167,False,0,0.2481,0.2889,0.2669,0.2452,0.1689,0.2,0.2464,0.2311,0.2385,0.25,0.3022,0.2736,0.2474,0.2478,0.2448,0.2474,0.2478,0.2448,65.0,39.0,54.0,66.0,38.0,53.0,65.0,39.0,52.0,66.0,39.0,52.0
10min1500SeqData_Std_EvalTest_Seed1,meo/10min-1500/10min1500SeqData_Std_EvalTest_Seed1.log,MiniRocket,32.44,32.44,1,1,,9996.0,0.5785,22.3563,False,0,0.2905,0.2311,0.2574,0.2936,0.2844,0.2889,0.2791,0.16,0.2034,0.3743,0.6222,0.4674,0.3094,0.3244,0.3043,0.3094,0.3244,0.3043,52.0,64.0,36.0,43.0,64.0,35.0,49.0,62.0,36.0,35.0,28.0,22.0
10min1500SeqData_Std_EvalTest_Seed1,meo/10min-1500/10min1500SeqData_Std_EvalTest_Seed1.log,LSTM,25.0,25.0,1,25,1.3863,28660.0,0.218658447265625,23.2191,True,0,0.0,0.0,0.0,0.0,0.0,0.0,0.0,0.0,0.0,0.25,1.0,0.4,0.0625,0.25,0.1,0.0625,0.25,0.1,0.0,0.0,0.0,0.0,0.0,0.0,0.0,0.0,0.0,0.0,0.0,0.0
10min1500SeqData_Std_EvalTest_Seed1,meo/10min-1500/10min1500SeqData_Std_EvalTest_Seed1.log,Mamba,25.0,25.0,1,29,1.3863,12208.0,0.0931396484375,106.7825,True,0,0.25,0.4444,0.32,0.25,0.1111,0.1538,0.25,0.2711,0.2601,0.25,0.1733,0.2047,0.25,0.25,0.2347,0.25,0.25,0.2347,100.0,25.0,61.0,100.0,25.0,61.0,100.0,25.0,61.0,100.0,25.0,61.0
10min1500SeqData_Std_EvalTest_Seed1,meo/10min-1500/10min1500SeqData_Std_EvalTest_Seed1.log,Transformer,25.0,25.0,1,28,1.3876,213092.0,1.625762939453125,37.1369,True,0,0.0,0.0,0.0,0.25,0.4533,0.3223,0.25,0.5467,0.3431,0.0,0.0,0.0,0.125,0.25,0.1663,0.125,0.25,0.1663,0.0,102.0,123.0,0.0,102.0,123.0,0.0,102.0,123.0,0.0,102.0,123.0
10min1500SeqData_Std_EvalTest_Seed1,meo/10min-1500/10min1500SeqData_Std_EvalTest_Seed1.log,1D-CNN (InceptionTime),25.0,25.0,1,20,1.3866,472708.0,3.606475830078125,65.0235,True,0,0.0,0.0,0.0,0.0,0.0,0.0,0.25,1.0,0.4,0.0,0.0,0.0,0.0625,0.25,0.1,0.0625,0.25,0.1,0.0,0.0,225.0,0.0,0.0,225.0,0.0,0.0,225.0,0.0,0.0,225.0
10min1500SeqData_Energy_J2Energy_OE_Std_EvalTest_Seed2,meo/10min-1500/10min1500SeqData_Energy_J2Energy_OE_Std_EvalTest_Seed2.log,Decision Trees (LightGBM),43.56,43.56,1,1,1.2651,,0.4006767272949219,0.2956,False,0,0.4034,0.5289,0.4577,0.2941,0.1556,0.2035,0.3062,0.3511,0.3271,0.6974,0.7067,0.702,0.4253,0.4356,0.4226,0.4253,0.4356,0.4226,119.0,25.0,76.0,67.0,35.0,72.0,93.0,40.0,79.0,16.0,19.0,31.0
10min1500SeqData_Energy_J2Energy_OE_Std_EvalTest_Seed2,meo/10min-1500/10min1500SeqData_Energy_J2Energy_OE_Std_EvalTest_Seed2.log,MiniRocket,99.11,99.11,1,1,,9996.0,0.5786,20.3859,False,0,0.9657,1.0,0.9825,1.0,1.0,1.0,1.0,0.9644,0.9819,1.0,1.0,1.0,0.9914,0.9911,0.9911,0.9914,0.9911,0.9911,225.0,0.0,0.0,0.0,225.0,0.0,8.0,0.0,217.0,0.0,0.0,0.0
10min1500SeqData_Energy_J2Energy_OE_Std_EvalTest_Seed2,meo/10min-1500/10min1500SeqData_Energy_J2Energy_OE_Std_EvalTest_Seed2.log,LSTM,73.67,75.22,95,101,0.6946,50500.0,0.385284423828125,103.8551,False,0,0.7096,0.8578,0.7767,0.6731,0.6222,0.6467,0.6683,0.5911,0.6274,0.8914,0.8756,0.8834,0.7356,0.7367,0.7335,0.7356,0.7367,0.7335,193.0,7.0,25.0,21.0,140.0,40.0,56.0,36.0,133.0,2.0,25.0,1.0
10min1500SeqData_Energy_J2Energy_OE_Std_EvalTest_Seed2,meo/10min-1500/10min1500SeqData_Energy_J2Energy_OE_Std_EvalTest_Seed2.log,Mamba,63.33,66.89,82,101,0.9486,17044.0,0.130035400390625,388.2729,False,0,0.5714,0.7822,0.6604,0.5814,0.5556,0.5682,0.5,0.3156,0.3869,0.8426,0.88,0.8609,0.6238,0.6333,0.6191,0.6238,0.6333,0.6191,176.0,22.0,26.0,31.0,125.0,40.0,97.0,50.0,71.0,4.0,18.0,5.0
10min1500SeqData_Energy_J2Energy_OE_Std_EvalTest_Seed2,meo/10min-1500/10min1500SeqData_Energy_J2Energy_OE_Std_EvalTest_Seed2.log,Transformer,90.56,91.33,98,101,0.2611,288324.0,2.199737548828125,143.367,False,0,0.9655,0.9956,0.9803,0.9412,0.7111,0.8101,0.8,0.9244,0.8577,0.937,0.9911,0.9633,0.9109,0.9056,0.9029,0.9109,0.9056,0.9029,224.0,0.0,1.0,0.0,160.0,51.0,8.0,8.0,208.0,0.0,2.0,0.0
10min1500SeqData_Energy_J2Energy_OE_Std_EvalTest_Seed2,meo/10min-1500/10min1500SeqData_Energy_J2Energy_OE_Std_EvalTest_Seed2.log,1D-CNN (InceptionTime),95.22,96.0,56,60,0.1716,473092.0,3.609405517578125,211.5892,True,0,0.9136,0.9867,0.9487,0.9633,0.9333,0.9481,0.9904,0.9156,0.9515,0.9481,0.9733,0.9605,0.9538,0.9522,0.9522,0.9538,0.9522,0.9522,222.0,1.0,2.0,3.0,210.0,0.0,18.0,1.0,206.0,0.0,6.0,0.0
