log_stem,log_relpath,Model,Joint_Accuracy,Joint_Macro_F1,Joint_Weighted_F1,Joint_Min_Thrust_Recall,Joint_Inference_Time_s,Cascade_EndToEnd_Accuracy,Cascade_EndToEnd_Macro_F1,Cascade_EndToEnd_Weighted_F1,Cascade_EndToEnd_Min_Thrust_Recall,Cascade_Stage2_Conditional_Accuracy,Cascade_Inference_Time_s,Cascade_Stage1_Detector_Accuracy,Cascade_Stage1_Detector_Macro_F1,Cascade_Stage2_Standalone_Accuracy,Cascade_Stage2_Standalone_Macro_F1,Accuracy_Delta_Cascade_minus_Joint,Macro_F1_Delta_Cascade_minus_Joint,Better_By_Accuracy,Better_By_Macro_F1
30min1500EvalTest_Seed1,leo/30min-1500/30min1500EvalTest_Seed1.log,CNN,42.0,0.2164,0.4386,0.0007,0.9666,62.35,0.2325,0.5965,0.0178,23.33,2.511,66.94,0.5262,28.77,0.2383,20.35,0.016100000000000003,Cascade,Cascade
30min1500EvalTest_Seed1,leo/30min-1500/30min1500EvalTest_Seed1.log,LSTM,25.77,0.1902,0.3154,0.16,0.1776,43.27,0.2154,0.5143,0.0304,17.6,0.7944,56.34,0.5352,15.6,0.13,17.500000000000004,0.0252,Cascade,Cascade
30min1500EvalTest_Seed1,leo/30min-1500/30min1500EvalTest_Seed1.log,LightGBM,72.1,0.2095,0.6041,0.0,0.067,74.05,0.2127,0.6301,0.0,,0.526,74.05,0.4254,76.73,0.2895,1.9500000000000028,0.0032000000000000084,Cascade,Cascade
30min1500EvalTest_Seed1,leo/30min-1500/30min1500EvalTest_Seed1.log,MAMBA,27.66,0.1962,0.361,0.2356,0.231,35.11,0.2038,0.4394,0.0987,24.38,0.9781,49.84,0.4924,23.31,0.1923,7.449999999999999,0.007599999999999996,Cascade,Cascade
30min1500EvalTest_Seed1,leo/30min-1500/30min1500EvalTest_Seed1.log,MiniRocket,74.05,0.2127,0.6301,0.0,,74.05,0.2127,0.6301,0.0,,0.4941,74.05,0.4254,77.01,0.2924,0.0,0.0,Tie,Tie
30min1500EvalTest_Seed1,leo/30min-1500/30min1500EvalTest_Seed1.log,TRANSFORMER,32.31,0.2122,0.4143,0.2178,0.0784,46.83,0.2143,0.5168,0.027,20.88,0.6146,58.03,0.5397,17.88,0.1594,14.519999999999996,0.0020999999999999908,Cascade,Cascade
30min1500Energy_J2Energy_ResidLadder3_OE_Test_geo_Seed1,leo/30min-1500/30min1500Energy_J2Energy_ResidLadder3_OE_Test_geo_Seed1.log,CNN,74.59,0.2136,0.6374,0.0,0.9835,74.59,0.2136,0.6374,0.0,,2.4856,74.59,0.4272,77.06,0.2901,0.0,0.0,Tie,Tie
30min1500Energy_J2Energy_ResidLadder3_OE_Test_geo_Seed1,leo/30min-1500/30min1500Energy_J2Energy_ResidLadder3_OE_Test_geo_Seed1.log,LSTM,74.59,0.2136,0.6374,0.0,0.1905,74.59,0.2136,0.6374,0.0,,0.7858,74.59,0.4272,77.06,0.2901,0.0,0.0,Tie,Tie
30min1500Energy_J2Energy_ResidLadder3_OE_Test_geo_Seed1,leo/30min-1500/30min1500Energy_J2Energy_ResidLadder3_OE_Test_geo_Seed1.log,LightGBM,97.35,0.6954,0.9708,0.0,0.0518,86.82,0.4982,0.8671,0.0,52.2,0.5122,98.01,0.9731,52.91,0.3526,-10.530000000000001,-0.19720000000000004,Joint,Joint
30min1500Energy_J2Energy_ResidLadder3_OE_Test_geo_Seed1,leo/30min-1500/30min1500Energy_J2Energy_ResidLadder3_OE_Test_geo_Seed1.log,MAMBA,41.18,0.2096,0.43,0.0,0.2334,31.53,0.1607,0.2831,0.0,76.94,0.8797,37.21,0.3628,77.06,0.2901,-9.649999999999999,-0.0489,Joint,Joint
30min1500Energy_J2Energy_ResidLadder3_OE_Test_geo_Seed1,leo/30min-1500/30min1500Energy_J2Energy_ResidLadder3_OE_Test_geo_Seed1.log,MiniRocket,96.35,0.6867,0.9618,0.0,,96.1,0.6792,0.9636,0.0044,88.84,0.4992,98.89,0.9854,88.99,0.5865,-0.25,-0.007499999999999951,Joint,Joint
30min1500Energy_J2Energy_ResidLadder3_OE_Test_geo_Seed1,leo/30min-1500/30min1500Energy_J2Energy_ResidLadder3_OE_Test_geo_Seed1.log,TRANSFORMER,74.59,0.2136,0.6374,0.0,0.0965,19.58,0.0819,0.0641,0.0,77.06,0.6021,25.41,0.2026,77.06,0.2901,-55.010000000000005,-0.1317,Joint,Joint
30min1500Energy_J2Energy_ResidLadder3_OE_Test_geo_Seed2,leo/30min-1500/30min1500Energy_J2Energy_ResidLadder3_OE_Test_geo_Seed2.log,CNN,75.14,0.2145,0.6448,0.0,0.9861,75.14,0.2145,0.6448,0.0,,2.4805,75.14,0.429,77.07,0.2902,0.0,0.0,Tie,Tie
30min1500Energy_J2Energy_ResidLadder3_OE_Test_geo_Seed2,leo/30min-1500/30min1500Energy_J2Energy_ResidLadder3_OE_Test_geo_Seed2.log,LSTM,75.14,0.2145,0.6448,0.0,0.1904,75.14,0.2145,0.6448,0.0,,0.7889,75.14,0.429,77.07,0.2902,0.0,0.0,Tie,Tie
30min1500Energy_J2Energy_ResidLadder3_OE_Test_geo_Seed2,leo/30min-1500/30min1500Energy_J2Energy_ResidLadder3_OE_Test_geo_Seed2.log,LightGBM,78.51,0.3334,0.7477,0.0,0.046,79.78,0.3302,0.7581,0.0,20.21,0.5005,98.07,0.9735,21.34,0.1242,1.269999999999996,-0.0031999999999999806,Cascade,Joint
30min1500Energy_J2Energy_ResidLadder3_OE_Test_geo_Seed2,leo/30min-1500/30min1500Energy_J2Energy_ResidLadder3_OE_Test_geo_Seed2.log,MAMBA,73.16,0.226,0.646,0.0,0.2389,38.32,0.1968,0.3916,0.0,76.79,0.894,43.45,0.4345,77.07,0.2902,-34.839999999999996,-0.029200000000000004,Joint,Joint
30min1500Energy_J2Energy_ResidLadder3_OE_Test_geo_Seed2,leo/30min-1500/30min1500Energy_J2Energy_ResidLadder3_OE_Test_geo_Seed2.log,MiniRocket,79.03,0.4961,0.7755,0.0,,78.14,0.3514,0.7588,0.0,60.85,0.5358,83.54,0.7605,78.23,0.3294,-0.8900000000000006,-0.1447,Joint,Joint
30min1500Energy_J2Energy_ResidLadder3_OE_Test_geo_Seed2,leo/30min-1500/30min1500Energy_J2Energy_ResidLadder3_OE_Test_geo_Seed2.log,TRANSFORMER,19.16,0.0804,0.0616,0.0,0.0904,75.14,0.2145,0.6448,0.0,,0.5999,75.14,0.429,77.07,0.2902,55.980000000000004,0.1341,Cascade,Cascade
30min1500Energy_J2Energy_OE_Test_geo_Seed2,leo/30min-1500/30min1500Energy_J2Energy_OE_Test_geo_Seed2.log,CNN,75.14,0.2145,0.6448,0.0,0.9825,45.84,0.2405,0.4985,0.0,72.83,2.4984,50.66,0.495,71.84,0.3164,-29.299999999999997,0.025999999999999995,Joint,Cascade
30min1500Energy_J2Energy_OE_Test_geo_Seed2,leo/30min-1500/30min1500Energy_J2Energy_OE_Test_geo_Seed2.log,LSTM,71.81,0.209,0.6282,0.0,0.1771,75.14,0.2145,0.6448,0.0,,0.7436,75.14,0.429,75.94,0.3061,3.3299999999999983,0.005500000000000005,Cascade,Cascade
30min1500Energy_J2Energy_OE_Test_geo_Seed2,leo/30min-1500/30min1500Energy_J2Energy_OE_Test_geo_Seed2.log,LightGBM,73.17,0.2113,0.6183,0.0,0.0394,75.14,0.2145,0.6448,0.0,,0.5042,75.14,0.429,19.92,0.1108,1.9699999999999989,0.0032000000000000084,Cascade,Cascade
30min1500Energy_J2Energy_OE_Test_geo_Seed2,leo/30min-1500/30min1500Energy_J2Energy_OE_Test_geo_Seed2.log,MAMBA,13.19,0.0746,0.2109,0.0,0.2435,54.49,0.2121,0.5536,0.0,19.63,0.9119,60.77,0.5072,18.83,0.1291,41.300000000000004,0.1375,Cascade,Cascade
30min1500Energy_J2Energy_OE_Test_geo_Seed2,leo/30min-1500/30min1500Energy_J2Energy_OE_Test_geo_Seed2.log,MiniRocket,72.71,0.2832,0.6999,0.0,,72.4,0.2749,0.693,0.0,43.02,0.4784,78.1,0.6694,77.07,0.2902,-0.30999999999998806,-0.00830000000000003,Joint,Joint
30min1500Energy_J2Energy_OE_Test_geo_Seed2,leo/30min-1500/30min1500Energy_J2Energy_OE_Test_geo_Seed2.log,TRANSFORMER,75.14,0.2145,0.6448,0.0,0.0859,75.14,0.2145,0.6448,0.0,,0.5885,75.14,0.429,77.07,0.2902,0.0,0.0,Tie,Tie
30min1500Energy_J2Energy_ResidLadder3_OE_Test_geo_Seed0,leo/30min-1500/30min1500Energy_J2Energy_ResidLadder3_OE_Test_geo_Seed0.log,CNN,74.77,0.2139,0.6397,0.0,0.9841,74.77,0.2139,0.6397,0.0,,2.4829,74.77,0.4278,77.13,0.2903,0.0,0.0,Tie,Tie
30min1500Energy_J2Energy_ResidLadder3_OE_Test_geo_Seed0,leo/30min-1500/30min1500Energy_J2Energy_ResidLadder3_OE_Test_geo_Seed0.log,LSTM,74.77,0.2139,0.6397,0.0,0.1932,19.46,0.0815,0.0634,0.0,77.13,0.83,25.23,0.2015,77.13,0.2903,-55.309999999999995,-0.13240000000000002,Joint,Joint
30min1500Energy_J2Energy_ResidLadder3_OE_Test_geo_Seed0,leo/30min-1500/30min1500Energy_J2Energy_ResidLadder3_OE_Test_geo_Seed0.log,LightGBM,97.73,0.702,0.9747,0.005,0.0505,79.47,0.3298,0.7555,0.0,19.98,0.5086,98.29,0.9767,20.3,0.1144,-18.260000000000005,-0.3722,Joint,Joint
30min1500Energy_J2Energy_ResidLadder3_OE_Test_geo_Seed0,leo/30min-1500/30min1500Energy_J2Energy_ResidLadder3_OE_Test_geo_Seed0.log,MAMBA,33.57,0.1725,0.319,0.0,0.2326,74.77,0.2139,0.6397,0.0,,0.8858,74.77,0.4278,77.13,0.2903,41.199999999999996,0.04140000000000002,Cascade,Cascade
30min1500Energy_J2Energy_ResidLadder3_OE_Test_geo_Seed0,leo/30min-1500/30min1500Energy_J2Energy_ResidLadder3_OE_Test_geo_Seed0.log,MiniRocket,94.73,0.6668,0.9447,0.0,,94.12,0.6281,0.9363,0.0,88.01,0.4843,97.05,0.9616,87.82,0.5371,-0.6099999999999994,-0.03869999999999996,Joint,Joint
30min1500Energy_J2Energy_ResidLadder3_OE_Test_geo_Seed0,leo/30min-1500/30min1500Energy_J2Energy_ResidLadder3_OE_Test_geo_Seed0.log,TRANSFORMER,74.77,0.2139,0.6397,0.0,0.0953,19.46,0.0815,0.0634,0.0,77.13,0.5927,25.23,0.2015,77.13,0.2903,-55.309999999999995,-0.13240000000000002,Joint,Joint
30min1500Energy_J2Energy_ResidLadder3_OE_EvalTest_Seed2,leo/30min-1500/30min1500Energy_J2Energy_ResidLadder3_OE_EvalTest_Seed2.log,CNN,94.85,0.9592,0.949,0.8928,0.9819,95.2,0.9612,0.952,0.8771,100.0,2.4775,95.2,0.9369,100.0,1.0,0.3500000000000085,0.0020000000000000018,Cascade,Cascade
30min1500Energy_J2Energy_ResidLadder3_OE_EvalTest_Seed2,leo/30min-1500/30min1500Energy_J2Energy_ResidLadder3_OE_EvalTest_Seed2.log,LSTM,92.69,0.943,0.9281,0.8629,0.1942,92.9,0.9456,0.9308,0.8919,100.0,0.7953,92.9,0.91,100.0,1.0,0.21000000000000796,0.0026000000000000467,Cascade,Cascade
30min1500Energy_J2Energy_ResidLadder3_OE_EvalTest_Seed2,leo/30min-1500/30min1500Energy_J2Energy_ResidLadder3_OE_EvalTest_Seed2.log,LightGBM,88.55,0.7814,0.8746,0.5359,0.053,88.57,0.748,0.8717,0.3822,96.25,0.5038,89.14,0.8355,97.59,0.8228,0.01999999999999602,-0.033399999999999985,Cascade,Joint
30min1500Energy_J2Energy_ResidLadder3_OE_EvalTest_Seed2,leo/30min-1500/30min1500Energy_J2Energy_ResidLadder3_OE_EvalTest_Seed2.log,MAMBA,89.96,0.9235,0.9031,0.8534,0.2347,90.26,0.9251,0.9053,0.8367,99.92,0.8664,90.27,0.8774,99.93,0.9992,0.30000000000001137,0.0016000000000000458,Cascade,Cascade
30min1500Energy_J2Energy_ResidLadder3_OE_EvalTest_Seed2,leo/30min-1500/30min1500Energy_J2Energy_ResidLadder3_OE_EvalTest_Seed2.log,MiniRocket,88.32,0.7189,0.8725,0.2844,,88.29,0.736,0.8731,0.4178,94.68,0.4731,89.17,0.8425,96.54,0.7853,-0.029999999999986926,0.017100000000000004,Joint,Cascade
30min1500Energy_J2Energy_ResidLadder3_OE_EvalTest_Seed2,leo/30min-1500/30min1500Energy_J2Energy_ResidLadder3_OE_EvalTest_Seed2.log,TRANSFORMER,91.34,0.9355,0.9166,0.8964,0.0929,92.94,0.9448,0.9305,0.8652,100.0,0.59,92.94,0.9094,100.0,1.0,1.5999999999999943,0.009299999999999975,Cascade,Cascade
30min1500Energy_J2Energy_OE_EvalTest_Seed0,leo/30min-1500/30min1500Energy_J2Energy_OE_EvalTest_Seed0.log,CNN,91.79,0.9392,0.9209,0.9098,0.9881,93.5,0.9477,0.936,0.8773,99.95,2.5093,93.51,0.9171,99.96,0.9975,1.7099999999999937,0.008499999999999952,Cascade,Cascade
30min1500Energy_J2Energy_OE_EvalTest_Seed0,leo/30min-1500/30min1500Energy_J2Energy_OE_EvalTest_Seed0.log,LSTM,75.12,0.7969,0.7725,0.916,0.1763,74.24,0.8321,0.7652,0.8623,99.98,0.772,74.24,0.7204,99.97,0.9983,-0.8800000000000097,0.0351999999999999,Joint,Cascade
30min1500Energy_J2Energy_OE_EvalTest_Seed0,leo/30min-1500/30min1500Energy_J2Energy_OE_EvalTest_Seed0.log,LightGBM,75.7,0.4137,0.662,0.0,0.065,75.43,0.3171,0.6575,0.0,96.87,0.5201,75.47,0.4808,93.32,0.62,-0.269999999999996,-0.09660000000000002,Joint,Joint
30min1500Energy_J2Energy_OE_EvalTest_Seed0,leo/30min-1500/30min1500Energy_J2Energy_OE_EvalTest_Seed0.log,MAMBA,57.61,0.5008,0.611,0.5471,0.2463,68.68,0.6183,0.7044,0.481,94.78,0.9056,69.49,0.6421,93.8,0.8214,11.070000000000007,0.11749999999999994,Cascade,Cascade
30min1500Energy_J2Energy_OE_EvalTest_Seed0,leo/30min-1500/30min1500Energy_J2Energy_OE_EvalTest_Seed0.log,MiniRocket,88.02,0.6481,0.865,0.0578,,87.95,0.7352,0.8672,0.44,94.67,0.4727,88.8,0.8349,96.69,0.7963,-0.06999999999999318,0.08709999999999996,Joint,Cascade
30min1500Energy_J2Energy_OE_EvalTest_Seed0,leo/30min-1500/30min1500Energy_J2Energy_OE_EvalTest_Seed0.log,TRANSFORMER,90.17,0.7978,0.9058,0.8621,0.0868,64.38,0.3828,0.656,0.2933,100.0,0.6233,64.38,0.542,100.0,1.0,-25.790000000000006,-0.415,Joint,Joint
30min1500Energy_J2Energy_OE_EvalTest_Seed2,leo/30min-1500/30min1500Energy_J2Energy_OE_EvalTest_Seed2.log,CNN,79.68,0.8641,0.8125,0.821,0.9887,92.31,0.9295,0.9243,0.8525,99.79,2.5029,92.36,0.902,99.78,0.9883,12.629999999999995,0.06540000000000001,Cascade,Cascade
30min1500Energy_J2Energy_OE_EvalTest_Seed2,leo/30min-1500/30min1500Energy_J2Energy_OE_EvalTest_Seed2.log,LSTM,74.96,0.8197,0.7722,0.9377,0.1781,76.68,0.8429,0.7872,0.8614,99.94,0.7822,76.69,0.7421,99.91,0.9951,1.720000000000013,0.0232,Cascade,Cascade
30min1500Energy_J2Energy_OE_EvalTest_Seed2,leo/30min-1500/30min1500Energy_J2Energy_OE_EvalTest_Seed2.log,LightGBM,75.59,0.4035,0.6611,0.0,0.0659,75.45,0.2999,0.6565,0.0,97.32,0.5228,75.48,0.4707,93.26,0.6197,-0.14000000000000057,-0.10360000000000003,Joint,Joint
30min1500Energy_J2Energy_OE_EvalTest_Seed2,leo/30min-1500/30min1500Energy_J2Energy_OE_EvalTest_Seed2.log,MAMBA,59.9,0.5527,0.6324,0.6201,0.2329,68.83,0.5991,0.7078,0.4979,94.53,0.8994,69.69,0.6449,92.66,0.7887,8.93,0.0464,Cascade,Cascade
30min1500Energy_J2Energy_OE_EvalTest_Seed2,leo/30min-1500/30min1500Energy_J2Energy_OE_EvalTest_Seed2.log,MiniRocket,87.4,0.746,0.8617,0.48,,87.39,0.7541,0.8617,0.4844,95.72,0.4921,88.06,0.8244,97.35,0.8265,-0.010000000000005116,0.008099999999999996,Joint,Cascade
30min1500Energy_J2Energy_OE_EvalTest_Seed2,leo/30min-1500/30min1500Energy_J2Energy_OE_EvalTest_Seed2.log,TRANSFORMER,90.33,0.8164,0.9056,0.807,0.0849,91.04,0.9196,0.9125,0.8438,100.0,0.6025,91.04,0.8864,100.0,1.0,0.710000000000008,0.10319999999999996,Cascade,Cascade
30min1500Test_geo_Seed2,leo/30min-1500/30min1500Test_geo_Seed2.log,CNN,37.36,0.182,0.4606,0.0006,0.9826,67.41,0.2606,0.644,0.0,59.51,2.509,69.39,0.5251,56.01,0.3114,30.049999999999997,0.0786,Cascade,Cascade
30min1500Test_geo_Seed2,leo/30min-1500/30min1500Test_geo_Seed2.log,LSTM,72.5,0.2314,0.639,0.0058,0.1801,59.89,0.2597,0.6104,0.0178,40.85,0.7767,64.93,0.545,41.2,0.2838,-12.61,0.028299999999999992,Joint,Cascade
30min1500Test_geo_Seed2,leo/30min-1500/30min1500Test_geo_Seed2.log,LightGBM,73.17,0.2113,0.6183,0.0,0.0563,75.14,0.2145,0.6448,0.0,,0.5158,75.14,0.429,76.84,0.2897,1.9699999999999989,0.0032000000000000084,Cascade,Cascade
30min1500Test_geo_Seed2,leo/30min-1500/30min1500Test_geo_Seed2.log,MAMBA,34.33,0.2086,0.4347,0.1469,0.2296,64.01,0.2326,0.6107,0.0168,19.07,0.9401,68.32,0.5253,23.29,0.2111,29.680000000000007,0.023999999999999994,Cascade,Cascade
30min1500Test_geo_Seed2,leo/30min-1500/30min1500Test_geo_Seed2.log,MiniRocket,75.14,0.2145,0.6448,0.0,,75.14,0.2145,0.6448,0.0,,0.4741,75.14,0.429,72.69,0.3086,0.0,0.0,Tie,Tie
30min1500Test_geo_Seed2,leo/30min-1500/30min1500Test_geo_Seed2.log,TRANSFORMER,70.47,0.2455,0.6495,0.0,0.0816,60.29,0.2584,0.612,0.0076,65.97,0.5858,63.26,0.535,40.69,0.2855,-10.18,0.012900000000000023,Joint,Cascade
30min1500Energy_J2Energy_ResidLadder3_OE_EvalTest_Seed1,leo/30min-1500/30min1500Energy_J2Energy_ResidLadder3_OE_EvalTest_Seed1.log,CNN,95.46,0.9638,0.9545,0.8793,0.9747,95.54,0.9645,0.9553,0.8817,100.0,2.4976,95.54,0.9418,100.0,1.0,0.0800000000000125,0.0007000000000000339,Cascade,Cascade
30min1500Energy_J2Energy_ResidLadder3_OE_EvalTest_Seed1,leo/30min-1500/30min1500Energy_J2Energy_ResidLadder3_OE_EvalTest_Seed1.log,LSTM,93.31,0.9503,0.9351,0.9306,0.1933,93.6,0.9512,0.9372,0.8989,100.0,0.822,93.6,0.919,100.0,1.0,0.28999999999999204,0.0009000000000000119,Cascade,Cascade
30min1500Energy_J2Energy_ResidLadder3_OE_EvalTest_Seed1,leo/30min-1500/30min1500Energy_J2Energy_ResidLadder3_OE_EvalTest_Seed1.log,LightGBM,89.28,0.8011,0.8827,0.5585,0.0552,88.72,0.7606,0.8738,0.4533,96.07,0.561,89.34,0.8397,97.44,0.8329,-0.5600000000000023,-0.04049999999999998,Joint,Joint
30min1500Energy_J2Energy_ResidLadder3_OE_EvalTest_Seed1,leo/30min-1500/30min1500Energy_J2Energy_ResidLadder3_OE_EvalTest_Seed1.log,MAMBA,90.97,0.9245,0.9122,0.8641,0.2425,92.11,0.9327,0.9217,0.8226,99.52,0.9079,92.22,0.8997,99.59,0.9924,1.1400000000000006,0.008199999999999985,Cascade,Cascade
30min1500Energy_J2Energy_ResidLadder3_OE_EvalTest_Seed1,leo/30min-1500/30min1500Energy_J2Energy_ResidLadder3_OE_EvalTest_Seed1.log,MiniRocket,88.36,0.6688,0.8699,0.1022,,88.56,0.7454,0.8749,0.4267,95.02,0.4959,89.39,0.8453,96.79,0.7937,0.20000000000000284,0.0766,Cascade,Cascade
30min1500Energy_J2Energy_ResidLadder3_OE_EvalTest_Seed1,leo/30min-1500/30min1500Energy_J2Energy_ResidLadder3_OE_EvalTest_Seed1.log,TRANSFORMER,93.22,0.9472,0.9328,0.8563,0.0944,93.38,0.9474,0.9338,0.8339,100.0,0.6307,93.38,0.9138,100.0,1.0,0.1599999999999966,0.00019999999999997797,Cascade,Cascade
30min1500EvalTest_Seed2,leo/30min-1500/30min1500EvalTest_Seed2.log,CNN,36.53,0.1859,0.4518,0.0085,0.9764,65.1,0.27,0.6327,0.0044,62.26,2.4666,67.5,0.5356,53.08,0.3234,28.569999999999993,0.08410000000000001,Cascade,Cascade
30min1500EvalTest_Seed2,leo/30min-1500/30min1500EvalTest_Seed2.log,LSTM,29.52,0.1642,0.3717,0.0178,0.1756,50.55,0.2427,0.5529,0.0622,29.03,0.7688,60.05,0.5507,28.11,0.2272,21.029999999999998,0.07849999999999999,Cascade,Cascade
30min1500EvalTest_Seed2,leo/30min-1500/30min1500EvalTest_Seed2.log,LightGBM,72.29,0.2098,0.6066,0.0,0.0714,74.41,0.2133,0.6349,0.0,,0.5043,74.41,0.4266,76.02,0.2879,2.1199999999999903,0.003500000000000003,Cascade,Cascade
30min1500EvalTest_Seed2,leo/30min-1500/30min1500EvalTest_Seed2.log,MAMBA,27.76,0.1949,0.3658,0.2235,0.25,39.9,0.2259,0.488,0.1354,25.22,0.929,53.27,0.5179,24.75,0.217,12.139999999999997,0.031,Cascade,Cascade
30min1500EvalTest_Seed2,leo/30min-1500/30min1500EvalTest_Seed2.log,MiniRocket,74.41,0.2133,0.6349,0.0,,74.41,0.2133,0.6349,0.0,,0.4594,74.41,0.4266,76.31,0.2904,0.0,0.0,Tie,Tie
30min1500EvalTest_Seed2,leo/30min-1500/30min1500EvalTest_Seed2.log,TRANSFORMER,34.41,0.2267,0.4235,0.16,0.0805,48.16,0.2632,0.5446,0.08,48.21,0.6069,56.51,0.5379,38.96,0.2861,13.75,0.03649999999999998,Cascade,Cascade
30min1500Energy_J2Energy_OE_Test_geo_Seed1,leo/30min-1500/30min1500Energy_J2Energy_OE_Test_geo_Seed1.log,CNN,74.59,0.2136,0.6374,0.0,0.9721,68.86,0.2079,0.6114,0.0,5.0,2.4779,69.7,0.4375,70.39,0.3157,-5.730000000000004,-0.005700000000000011,Joint,Joint
30min1500Energy_J2Energy_OE_Test_geo_Seed1,leo/30min-1500/30min1500Energy_J2Energy_OE_Test_geo_Seed1.log,LSTM,55.63,0.1871,0.547,0.0,0.1726,68.41,0.2075,0.6073,0.0,14.04,0.7766,68.77,0.4202,74.49,0.3171,12.779999999999994,0.0204,Cascade,Cascade
30min1500Energy_J2Energy_OE_Test_geo_Seed1,leo/30min-1500/30min1500Energy_J2Energy_OE_Test_geo_Seed1.log,LightGBM,72.56,0.2103,0.6103,0.0,0.0401,74.59,0.2136,0.6374,0.0,,0.4925,74.59,0.4272,26.14,0.1725,2.030000000000001,0.003300000000000025,Cascade,Cascade
30min1500Energy_J2Energy_OE_Test_geo_Seed1,leo/30min-1500/30min1500Energy_J2Energy_OE_Test_geo_Seed1.log,MAMBA,11.18,0.0635,0.1197,0.0,0.2626,25.31,0.1401,0.3225,0.0,21.6,0.9045,42.96,0.4294,20.63,0.1199,14.129999999999999,0.0766,Cascade,Cascade
30min1500Energy_J2Energy_OE_Test_geo_Seed1,leo/30min-1500/30min1500Energy_J2Energy_OE_Test_geo_Seed1.log,MiniRocket,75.06,0.2761,0.6594,0.0,,74.39,0.2193,0.6539,0.0,0.16,0.4729,79.03,0.5916,77.06,0.2901,-0.6700000000000017,-0.05680000000000002,Joint,Joint
30min1500Energy_J2Energy_OE_Test_geo_Seed1,leo/30min-1500/30min1500Energy_J2Energy_OE_Test_geo_Seed1.log,TRANSFORMER,74.59,0.2136,0.6374,0.0,0.0867,19.58,0.0819,0.0641,0.0,77.06,0.5753,25.41,0.2026,77.06,0.2901,-55.010000000000005,-0.1317,Joint,Joint
30min1500EvalTest_Seed0,leo/30min-1500/30min1500EvalTest_Seed0.log,CNN,55.39,0.2183,0.5573,0.0,0.9705,44.43,0.2066,0.4993,0.0,23.98,2.4913,56.58,0.5378,19.85,0.1612,-10.96,-0.011699999999999988,Joint,Joint
30min1500EvalTest_Seed0,leo/30min-1500/30min1500EvalTest_Seed0.log,LSTM,28.99,0.2057,0.3691,0.1911,0.176,41.61,0.2275,0.4959,0.1156,27.01,0.7952,54.36,0.5257,22.98,0.2059,12.620000000000001,0.021800000000000014,Cascade,Cascade
30min1500EvalTest_Seed0,leo/30min-1500/30min1500EvalTest_Seed0.log,LightGBM,72.1,0.2095,0.6041,0.0,0.058,74.14,0.2129,0.6313,0.0,,0.508,74.14,0.4257,76.13,0.2882,2.0400000000000063,0.003400000000000014,Cascade,Cascade
30min1500EvalTest_Seed0,leo/30min-1500/30min1500EvalTest_Seed0.log,MAMBA,35.54,0.2199,0.4436,0.1644,0.2923,38.41,0.2305,0.4736,0.1966,30.92,0.8868,51.5,0.5059,28.91,0.2412,2.8699999999999974,0.010599999999999998,Cascade,Cascade
30min1500EvalTest_Seed0,leo/30min-1500/30min1500EvalTest_Seed0.log,MiniRocket,74.14,0.2129,0.6313,0.0,,74.13,0.213,0.6313,0.0,50.0,0.4774,74.14,0.426,76.44,0.2911,-0.010000000000005116,9.999999999998899e-05,Joint,Cascade
30min1500EvalTest_Seed0,leo/30min-1500/30min1500EvalTest_Seed0.log,TRANSFORMER,35.47,0.226,0.4444,0.1733,0.0783,47.69,0.2123,0.5198,0.0178,22.2,0.5874,58.29,0.5385,21.19,0.1805,12.219999999999999,-0.013700000000000018,Cascade,Joint
30min1500Energy_J2Energy_OE_EvalTest_Seed1,leo/30min-1500/30min1500Energy_J2Energy_OE_EvalTest_Seed1.log,CNN,92.37,0.9435,0.9261,0.9107,0.9818,93.88,0.9483,0.9382,0.8217,99.98,2.4699,93.88,0.9194,99.99,0.9992,1.509999999999991,0.0048000000000000265,Cascade,Cascade
30min1500Energy_J2Energy_OE_EvalTest_Seed1,leo/30min-1500/30min1500Energy_J2Energy_OE_EvalTest_Seed1.log,LSTM,73.1,0.8231,0.7547,0.9333,0.1749,75.63,0.8402,0.7774,0.8689,100.0,0.7743,75.63,0.7338,99.99,0.9992,2.530000000000001,0.017099999999999893,Cascade,Cascade
30min1500Energy_J2Energy_OE_EvalTest_Seed1,leo/30min-1500/30min1500Energy_J2Energy_OE_EvalTest_Seed1.log,LightGBM,75.19,0.3968,0.6556,0.0,0.0657,75.1,0.3019,0.6519,0.0,98.35,0.5021,75.11,0.4694,92.31,0.6094,-0.09000000000000341,-0.09489999999999998,Joint,Joint
30min1500Energy_J2Energy_OE_EvalTest_Seed1,leo/30min-1500/30min1500Energy_J2Energy_OE_EvalTest_Seed1.log,MAMBA,61.63,0.572,0.6449,0.5189,0.2382,68.43,0.5736,0.7052,0.4665,91.56,0.9112,69.76,0.6455,89.51,0.7398,6.800000000000004,0.0016000000000000458,Cascade,Cascade
30min1500Energy_J2Energy_OE_EvalTest_Seed1,leo/30min-1500/30min1500Energy_J2Energy_OE_EvalTest_Seed1.log,MiniRocket,88.43,0.7413,0.874,0.3511,,88.37,0.7753,0.8743,0.5476,95.91,0.4677,89.06,0.8422,97.33,0.8433,-0.060000000000002274,0.03400000000000003,Joint,Cascade
30min1500Energy_J2Energy_OE_EvalTest_Seed1,leo/30min-1500/30min1500Energy_J2Energy_OE_EvalTest_Seed1.log,TRANSFORMER,89.95,0.7997,0.9027,0.8165,0.0861,58.48,0.3973,0.6225,0.4606,100.0,0.5712,58.48,0.5329,100.0,1.0,-31.470000000000006,-0.4024,Joint,Joint
30min1500Energy_J2Energy_ResidLadder3_OE_EvalTest_Seed0,leo/30min-1500/30min1500Energy_J2Energy_ResidLadder3_OE_EvalTest_Seed0.log,CNN,95.88,0.9667,0.9586,0.8816,0.9742,95.37,0.9641,0.9544,0.9246,100.0,2.4889,95.37,0.9409,100.0,1.0,-0.5099999999999909,-0.0026000000000000467,Joint,Joint
30min1500Energy_J2Energy_ResidLadder3_OE_EvalTest_Seed0,leo/30min-1500/30min1500Energy_J2Energy_ResidLadder3_OE_EvalTest_Seed0.log,LSTM,92.75,0.9459,0.9298,0.9184,0.1924,93.45,0.9497,0.9358,0.892,100.0,0.8281,93.45,0.9169,100.0,1.0,0.7000000000000028,0.0038000000000000256,Cascade,Cascade
30min1500Energy_J2Energy_ResidLadder3_OE_EvalTest_Seed0,leo/30min-1500/30min1500Energy_J2Energy_ResidLadder3_OE_EvalTest_Seed0.log,LightGBM,90.08,0.8042,0.894,0.5911,0.0531,89.69,0.7616,0.887,0.3644,96.58,0.5242,90.27,0.8577,97.59,0.8188,-0.39000000000000057,-0.04259999999999997,Joint,Joint
30min1500Energy_J2Energy_ResidLadder3_OE_EvalTest_Seed0,leo/30min-1500/30min1500Energy_J2Energy_ResidLadder3_OE_EvalTest_Seed0.log,MAMBA,92.42,0.9421,0.926,0.8833,0.2305,92.49,0.9417,0.9261,0.8584,100.0,0.9176,92.49,0.9043,100.0,1.0,0.06999999999999318,-0.00040000000000006697,Cascade,Joint
30min1500Energy_J2Energy_ResidLadder3_OE_EvalTest_Seed0,leo/30min-1500/30min1500Energy_J2Energy_ResidLadder3_OE_EvalTest_Seed0.log,MiniRocket,88.91,0.7678,0.8816,0.5111,,88.77,0.7644,0.8807,0.5289,95.33,0.4931,89.59,0.8526,96.81,0.8124,-0.14000000000000057,-0.0034000000000000696,Joint,Joint
30min1500Energy_J2Energy_ResidLadder3_OE_EvalTest_Seed0,leo/30min-1500/30min1500Energy_J2Energy_ResidLadder3_OE_EvalTest_Seed0.log,TRANSFORMER,93.83,0.9505,0.9382,0.8399,0.0934,93.08,0.9475,0.9326,0.9027,100.0,0.6515,93.08,0.913,100.0,1.0,-0.75,-0.0030000000000000027,Joint,Joint
30min1500Test_geo_Seed1,leo/30min-1500/30min1500Test_geo_Seed1.log,CNN,42.63,0.2168,0.4461,0.0,0.9688,62.01,0.2333,0.5973,0.0089,23.73,2.4765,67.13,0.538,26.25,0.2246,19.379999999999995,0.016500000000000015,Cascade,Cascade
30min1500Test_geo_Seed1,leo/30min-1500/30min1500Test_geo_Seed1.log,LSTM,66.84,0.2208,0.6133,0.0148,0.1821,74.13,0.2147,0.636,0.0,10.64,0.7714,74.29,0.4328,23.56,0.2074,7.289999999999992,-0.006099999999999994,Cascade,Joint
30min1500Test_geo_Seed1,leo/30min-1500/30min1500Test_geo_Seed1.log,LightGBM,72.56,0.2103,0.6103,0.0,0.0555,74.59,0.2136,0.6374,0.0,,0.5195,74.59,0.4272,77.06,0.2901,2.030000000000001,0.003300000000000025,Cascade,Cascade
30min1500Test_geo_Seed1,leo/30min-1500/30min1500Test_geo_Seed1.log,MAMBA,29.37,0.203,0.3858,0.2539,0.2331,58.74,0.2384,0.5897,0.0467,24.47,0.8904,64.77,0.5375,30.47,0.2455,29.37,0.03539999999999999,Cascade,Cascade
30min1500Test_geo_Seed1,leo/30min-1500/30min1500Test_geo_Seed1.log,MiniRocket,74.38,0.2158,0.6383,0.0,,69.12,0.242,0.6348,0.0104,60.16,0.4761,70.21,0.4871,67.55,0.3369,-5.259999999999991,0.0262,Joint,Cascade
30min1500Test_geo_Seed1,leo/30min-1500/30min1500Test_geo_Seed1.log,TRANSFORMER,38.26,0.2162,0.4756,0.1253,0.0924,51.31,0.2485,0.5614,0.1417,33.03,0.5794,59.17,0.5321,33.75,0.2654,13.050000000000004,0.032299999999999995,Cascade,Cascade
30min1500Test_geo_Seed0,leo/30min-1500/30min1500Test_geo_Seed0.log,CNN,55.59,0.2183,0.5633,0.0,0.9832,45.06,0.1988,0.5031,0.0,21.33,2.5051,57.14,0.5392,18.67,0.1483,-10.530000000000001,-0.01949999999999999,Joint,Joint
30min1500Test_geo_Seed0,leo/30min-1500/30min1500Test_geo_Seed0.log,LSTM,65.15,0.2265,0.6142,0.0128,0.1819,70.17,0.2309,0.6297,0.0103,19.02,0.7953,72.06,0.4882,14.44,0.1509,5.019999999999996,0.004399999999999987,Cascade,Cascade
30min1500Test_geo_Seed0,leo/30min-1500/30min1500Test_geo_Seed0.log,LightGBM,72.76,0.2106,0.6128,0.0,0.0546,74.77,0.2139,0.6397,0.0,,0.5154,74.77,0.4278,76.94,0.2899,2.009999999999991,0.0032999999999999974,Cascade,Cascade
30min1500Test_geo_Seed0,leo/30min-1500/30min1500Test_geo_Seed0.log,MAMBA,36.57,0.2182,0.4554,0.1689,0.2374,42.87,0.2331,0.5123,0.1388,28.63,1.0229,54.09,0.5161,31.12,0.2436,6.299999999999997,0.014899999999999997,Cascade,Cascade
30min1500Test_geo_Seed0,leo/30min-1500/30min1500Test_geo_Seed0.log,MiniRocket,74.77,0.2139,0.6397,0.0,,74.77,0.2139,0.6397,0.0,,0.4738,74.77,0.4278,76.72,0.2932,0.0,0.0,Tie,Tie
30min1500Test_geo_Seed0,leo/30min-1500/30min1500Test_geo_Seed0.log,TRANSFORMER,58.29,0.2543,0.5989,0.0622,0.0869,59.1,0.2255,0.585,0.0158,14.93,0.5986,65.09,0.5282,20.37,0.1911,0.8100000000000023,-0.02880000000000002,Cascade,Joint
30min1500Energy_J2Energy_OE_Test_geo_Seed0,leo/30min-1500/30min1500Energy_J2Energy_OE_Test_geo_Seed0.log,CNN,34.01,0.1752,0.3343,0.0,0.985,72.65,0.2224,0.6383,0.0,84.27,2.5096,72.75,0.4436,75.66,0.297,38.64000000000001,0.04719999999999999,Cascade,Cascade
30min1500Energy_J2Energy_OE_Test_geo_Seed0,leo/30min-1500/30min1500Energy_J2Energy_OE_Test_geo_Seed0.log,LSTM,68.51,0.2057,0.6093,0.0,0.174,74.77,0.2139,0.6397,0.0,,0.7797,74.77,0.4278,56.98,0.2746,6.259999999999991,0.008200000000000013,Cascade,Cascade
30min1500Energy_J2Energy_OE_Test_geo_Seed0,leo/30min-1500/30min1500Energy_J2Energy_OE_Test_geo_Seed0.log,LightGBM,72.76,0.2106,0.6128,0.0,0.0414,74.77,0.2139,0.6397,0.0,,0.4891,74.77,0.4278,20.83,0.1202,2.009999999999991,0.0032999999999999974,Cascade,Cascade
30min1500Energy_J2Energy_OE_Test_geo_Seed0,leo/30min-1500/30min1500Energy_J2Energy_OE_Test_geo_Seed0.log,MAMBA,17.22,0.0967,0.2156,0.0,0.2362,11.27,0.0923,0.1457,0.0717,18.26,0.9069,31.9,0.2947,18.26,0.1567,-5.949999999999999,-0.004400000000000001,Joint,Joint
30min1500Energy_J2Energy_OE_Test_geo_Seed0,leo/30min-1500/30min1500Energy_J2Energy_OE_Test_geo_Seed0.log,MiniRocket,77.03,0.3601,0.6815,0.0,,76.0,0.3074,0.671,0.0,33.94,0.4757,78.43,0.5641,90.06,0.5604,-1.0300000000000011,-0.05269999999999997,Joint,Joint
30min1500Energy_J2Energy_OE_Test_geo_Seed0,leo/30min-1500/30min1500Energy_J2Energy_OE_Test_geo_Seed0.log,TRANSFORMER,74.77,0.2139,0.6397,0.0,0.0869,74.77,0.2139,0.6397,0.0,,0.5627,74.77,0.4278,77.13,0.2903,0.0,0.0,Tie,Tie
100min1500Energy_J2Energy_OE_EvalTest_Seed1,leo/100min-1500/100min1500Energy_J2Energy_OE_EvalTest_Seed1.log,CNN,96.39,0.9663,0.9648,0.9858,1.1137,96.64,0.9443,0.967,0.9067,100.0,2.6406,96.64,0.9566,100.0,0.9992,0.25,-0.02200000000000002,Cascade,Joint
100min1500Energy_J2Energy_OE_EvalTest_Seed1,leo/100min-1500/100min1500Energy_J2Energy_OE_EvalTest_Seed1.log,LSTM,68.16,0.629,0.7095,0.7559,0.4669,71.47,0.7025,0.7184,0.3509,99.97,1.3643,71.47,0.6313,99.76,0.9635,3.3100000000000023,0.07350000000000001,Cascade,Cascade
100min1500Energy_J2Energy_OE_EvalTest_Seed1,leo/100min-1500/100min1500Energy_J2Energy_OE_EvalTest_Seed1.log,LightGBM,77.53,0.4694,0.6852,0.0,0.2095,77.54,0.3989,0.6861,0.0,99.73,0.725,77.55,0.5376,96.86,0.6405,0.010000000000005116,-0.07050000000000001,Cascade,Joint
100min1500Energy_J2Energy_OE_EvalTest_Seed1,leo/100min-1500/100min1500Energy_J2Energy_OE_EvalTest_Seed1.log,MAMBA,67.62,0.5338,0.6898,0.3503,0.4643,66.24,0.5205,0.6816,0.3956,96.39,1.3494,66.73,0.604,96.19,0.7675,-1.3800000000000097,-0.01330000000000009,Joint,Joint
100min1500Energy_J2Energy_OE_EvalTest_Seed1,leo/100min-1500/100min1500Energy_J2Energy_OE_EvalTest_Seed1.log,MiniRocket,87.38,0.6604,0.87,0.0444,,87.35,0.7481,0.8707,0.4,98.35,0.5689,87.64,0.831,98.83,0.8033,-0.030000000000001137,0.0877,Joint,Cascade
100min1500Energy_J2Energy_OE_EvalTest_Seed1,leo/100min-1500/100min1500Energy_J2Energy_OE_EvalTest_Seed1.log,TRANSFORMER,94.68,0.7812,0.9515,0.9948,0.2053,96.25,0.7781,0.9628,0.1822,99.93,0.8257,96.27,0.9521,99.93,0.9884,1.5699999999999932,-0.0030999999999999917,Cascade,Joint
100min1500EvalTest_Seed2,leo/100min-1500/100min1500EvalTest_Seed2.log,CNN,32.94,0.1695,0.4114,0.0,1.1054,48.17,0.2508,0.5442,0.0311,38.55,2.7425,57.42,0.5398,31.41,0.2455,15.230000000000004,0.08130000000000001,Cascade,Cascade
100min1500EvalTest_Seed2,leo/100min-1500/100min1500EvalTest_Seed2.log,LSTM,31.54,0.2024,0.4037,0.1698,0.4823,36.94,0.1771,0.4579,0.0,5.15,1.359,53.5,0.5184,4.61,0.0723,5.399999999999999,-0.02529999999999999,Cascade,Joint
100min1500EvalTest_Seed2,leo/100min-1500/100min1500EvalTest_Seed2.log,LightGBM,73.75,0.2122,0.6261,0.0,0.2258,74.53,0.2135,0.6366,0.0,,0.7265,74.53,0.427,78.97,0.2942,0.7800000000000011,0.0012999999999999956,Cascade,Cascade
100min1500EvalTest_Seed2,leo/100min-1500/100min1500EvalTest_Seed2.log,MAMBA,39.4,0.2253,0.4827,0.166,0.3763,49.71,0.2334,0.5539,0.0936,21.34,1.1925,59.78,0.5447,20.13,0.1785,10.310000000000002,0.008099999999999996,Cascade,Cascade
100min1500EvalTest_Seed2,leo/100min-1500/100min1500EvalTest_Seed2.log,MiniRocket,74.53,0.2135,0.6366,0.0,,74.53,0.2135,0.6366,0.0,,0.562,74.53,0.427,79.1,0.2946,0.0,0.0,Tie,Tie
100min1500EvalTest_Seed2,leo/100min-1500/100min1500EvalTest_Seed2.log,TRANSFORMER,33.43,0.2192,0.43,0.2548,0.189,52.86,0.2444,0.5695,0.0667,30.37,0.8963,61.04,0.5465,25.95,0.213,19.43,0.0252,Cascade,Cascade
100min1500Energy_J2Energy_ResidLadder3_OE_EvalTest_Seed1,leo/100min-1500/100min1500Energy_J2Energy_ResidLadder3_OE_EvalTest_Seed1.log,CNN,97.68,0.9821,0.9771,0.9776,1.1102,97.79,0.983,0.9782,0.9842,100.0,2.6224,97.79,0.9713,100.0,1.0,0.10999999999999943,0.0009000000000000119,Cascade,Cascade
100min1500Energy_J2Energy_ResidLadder3_OE_EvalTest_Seed1,leo/100min-1500/100min1500Energy_J2Energy_ResidLadder3_OE_EvalTest_Seed1.log,LSTM,97.13,0.9757,0.9717,0.9729,0.5334,96.98,0.9747,0.9703,0.9793,100.0,1.4881,96.98,0.961,100.0,1.0,-0.14999999999999147,-0.0010000000000000009,Joint,Joint
100min1500Energy_J2Energy_ResidLadder3_OE_EvalTest_Seed1,leo/100min-1500/100min1500Energy_J2Energy_ResidLadder3_OE_EvalTest_Seed1.log,LightGBM,90.08,0.7952,0.8918,0.5713,0.2133,90.08,0.7855,0.8906,0.4533,98.83,0.7403,90.27,0.8535,99.24,0.8431,0.0,-0.009700000000000042,Tie,Joint
100min1500Energy_J2Energy_ResidLadder3_OE_EvalTest_Seed1,leo/100min-1500/100min1500Energy_J2Energy_ResidLadder3_OE_EvalTest_Seed1.log,MAMBA,96.67,0.9742,0.9671,0.9539,0.596,96.75,0.9743,0.9679,0.9557,100.0,1.5776,96.75,0.9577,100.0,1.0,0.0799999999999983,0.00010000000000010001,Cascade,Cascade
100min1500Energy_J2Energy_ResidLadder3_OE_EvalTest_Seed1,leo/100min-1500/100min1500Energy_J2Energy_ResidLadder3_OE_EvalTest_Seed1.log,MiniRocket,90.07,0.6707,0.8899,0.04,,90.15,0.7504,0.8914,0.3111,98.49,0.545,90.4,0.8558,99.01,0.7881,0.0800000000000125,0.0797,Cascade,Cascade
100min1500Energy_J2Energy_ResidLadder3_OE_EvalTest_Seed1,leo/100min-1500/100min1500Energy_J2Energy_ResidLadder3_OE_EvalTest_Seed1.log,TRANSFORMER,96.65,0.9748,0.9673,0.9895,0.2267,96.89,0.9763,0.9695,0.977,100.0,0.8502,96.89,0.9598,100.0,1.0,0.23999999999999488,0.0014999999999999458,Cascade,Cascade
100min1500Energy_J2Energy_ResidLadder3_OE_EvalTest_Seed2,leo/100min-1500/100min1500Energy_J2Energy_ResidLadder3_OE_EvalTest_Seed2.log,CNN,97.64,0.9818,0.9767,0.9799,1.1121,98.07,0.9851,0.9809,0.9847,100.0,2.6247,98.07,0.975,100.0,1.0,0.4299999999999926,0.0032999999999999696,Cascade,Cascade
100min1500Energy_J2Energy_ResidLadder3_OE_EvalTest_Seed2,leo/100min-1500/100min1500Energy_J2Energy_ResidLadder3_OE_EvalTest_Seed2.log,LSTM,97.03,0.9774,0.9709,0.9847,0.5357,97.45,0.9804,0.9749,0.9771,100.0,1.4979,97.45,0.9671,100.0,1.0,0.4200000000000017,0.0030000000000000027,Cascade,Cascade
100min1500Energy_J2Energy_ResidLadder3_OE_EvalTest_Seed2,leo/100min-1500/100min1500Energy_J2Energy_ResidLadder3_OE_EvalTest_Seed2.log,LightGBM,89.88,0.784,0.8892,0.5068,0.1633,89.88,0.771,0.8882,0.4044,98.66,0.6754,90.1,0.8521,99.14,0.822,0.0,-0.013000000000000012,Tie,Joint
100min1500Energy_J2Energy_ResidLadder3_OE_EvalTest_Seed2,leo/100min-1500/100min1500Energy_J2Energy_ResidLadder3_OE_EvalTest_Seed2.log,MAMBA,96.76,0.9744,0.968,0.9553,0.5983,96.92,0.9753,0.9694,0.9491,99.97,1.5966,96.92,0.96,99.97,0.9997,0.1599999999999966,0.0008999999999999009,Cascade,Cascade
100min1500Energy_J2Energy_ResidLadder3_OE_EvalTest_Seed2,leo/100min-1500/100min1500Energy_J2Energy_ResidLadder3_OE_EvalTest_Seed2.log,MiniRocket,89.39,0.6586,0.8816,0.0267,,89.37,0.7867,0.8828,0.5327,98.44,0.56,89.62,0.8449,99.02,0.8471,-0.01999999999999602,0.1281,Joint,Cascade
100min1500Energy_J2Energy_ResidLadder3_OE_EvalTest_Seed2,leo/100min-1500/100min1500Energy_J2Energy_ResidLadder3_OE_EvalTest_Seed2.log,TRANSFORMER,97.21,0.9789,0.9727,0.9894,0.2254,96.43,0.9725,0.965,0.971,100.0,0.8566,96.43,0.9544,100.0,1.0,-0.7799999999999869,-0.006399999999999961,Joint,Joint
100min1500EvalTest_Seed1,leo/100min-1500/100min1500EvalTest_Seed1.log,CNN,41.92,0.2125,0.4387,0.0,1.0983,74.83,0.214,0.6405,0.0,,2.7433,74.83,0.428,16.05,0.1201,32.91,0.0015000000000000013,Cascade,Cascade
100min1500EvalTest_Seed1,leo/100min-1500/100min1500EvalTest_Seed1.log,LSTM,33.63,0.1883,0.4188,0.0178,0.4776,34.81,0.1816,0.4485,0.033,7.83,1.3686,51.26,0.5006,7.42,0.0949,1.1799999999999997,-0.006699999999999984,Cascade,Joint
100min1500EvalTest_Seed1,leo/100min-1500/100min1500EvalTest_Seed1.log,LightGBM,74.07,0.2128,0.6304,0.0,0.2243,74.83,0.214,0.6405,0.0,,0.733,74.83,0.428,79.43,0.2951,0.7600000000000051,0.0012000000000000066,Cascade,Cascade
100min1500EvalTest_Seed1,leo/100min-1500/100min1500EvalTest_Seed1.log,MAMBA,40.36,0.2146,0.4846,0.0937,0.373,50.75,0.2401,0.5584,0.1007,28.51,1.1843,59.74,0.5428,25.5,0.2128,10.39,0.025499999999999995,Cascade,Cascade
100min1500EvalTest_Seed1,leo/100min-1500/100min1500EvalTest_Seed1.log,MiniRocket,74.83,0.214,0.6405,0.0,,74.83,0.214,0.6405,0.0,0.0,0.5499,74.83,0.4281,79.51,0.2953,0.0,0.0,Tie,Tie
100min1500EvalTest_Seed1,leo/100min-1500/100min1500EvalTest_Seed1.log,TRANSFORMER,35.99,0.2243,0.443,0.1022,0.1888,73.08,0.2245,0.6367,0.0,18.73,0.804,73.83,0.4569,14.14,0.1362,37.089999999999996,0.00020000000000000573,Cascade,Cascade
100min1500Energy_J2Energy_OE_EvalTest_Seed0,leo/100min-1500/100min1500Energy_J2Energy_OE_EvalTest_Seed0.log,CNN,96.36,0.9461,0.9645,0.9939,1.1109,96.82,0.9516,0.9688,0.8978,100.0,2.6196,96.82,0.9592,100.0,0.9992,0.45999999999999375,0.005499999999999949,Cascade,Cascade
100min1500Energy_J2Energy_OE_EvalTest_Seed0,leo/100min-1500/100min1500Energy_J2Energy_OE_EvalTest_Seed0.log,LSTM,71.06,0.7341,0.7365,0.9404,0.4678,74.34,0.603,0.7143,0.161,99.92,1.3361,74.34,0.6142,99.89,0.9846,3.280000000000001,-0.1311,Cascade,Joint
100min1500Energy_J2Energy_OE_EvalTest_Seed0,leo/100min-1500/100min1500Energy_J2Energy_OE_EvalTest_Seed0.log,LightGBM,77.97,0.5167,0.6904,0.0,0.2161,77.57,0.398,0.6868,0.0,99.78,0.7151,77.57,0.5407,97.49,0.6569,-0.4000000000000057,-0.11870000000000003,Joint,Joint
100min1500Energy_J2Energy_OE_EvalTest_Seed0,leo/100min-1500/100min1500Energy_J2Energy_OE_EvalTest_Seed0.log,MAMBA,57.11,0.5271,0.6079,0.6758,0.4576,66.39,0.545,0.6893,0.4973,96.41,1.3488,66.95,0.6203,95.61,0.751,9.280000000000001,0.017900000000000027,Cascade,Cascade
100min1500Energy_J2Energy_OE_EvalTest_Seed0,leo/100min-1500/100min1500Energy_J2Energy_OE_EvalTest_Seed0.log,MiniRocket,90.1,0.6699,0.8917,0.0311,,90.1,0.718,0.8922,0.1689,98.81,0.5519,90.3,0.8574,99.08,0.7883,0.0,0.04809999999999992,Tie,Cascade
100min1500Energy_J2Energy_OE_EvalTest_Seed0,leo/100min-1500/100min1500Energy_J2Energy_OE_EvalTest_Seed0.log,TRANSFORMER,94.27,0.7724,0.9479,0.9942,0.2031,95.23,0.7087,0.9523,0.0089,99.9,0.8139,95.26,0.9399,99.89,0.9821,0.960000000000008,-0.06369999999999998,Cascade,Joint
100min1500Energy_J2Energy_OE_Test_geo_Seed2,leo/100min-1500/100min1500Energy_J2Energy_OE_Test_geo_Seed2.log,CNN,68.9,0.2085,0.6154,0.0,1.1034,75.06,0.2144,0.6436,0.0,,2.6168,75.06,0.4288,76.72,0.3067,6.159999999999997,0.005900000000000016,Cascade,Cascade
100min1500Energy_J2Energy_OE_Test_geo_Seed2,leo/100min-1500/100min1500Energy_J2Energy_OE_Test_geo_Seed2.log,LSTM,30.66,0.1598,0.2902,0.0,0.4542,75.06,0.2144,0.6436,0.0,,1.3226,75.06,0.4288,1.0,0.0066,44.400000000000006,0.05460000000000001,Cascade,Cascade
100min1500Energy_J2Energy_OE_Test_geo_Seed2,leo/100min-1500/100min1500Energy_J2Energy_OE_Test_geo_Seed2.log,LightGBM,74.28,0.2131,0.6332,0.0,0.1592,75.06,0.2144,0.6436,0.0,,0.6342,75.06,0.4288,20.2,0.112,0.7800000000000011,0.0012999999999999956,Cascade,Cascade
100min1500Energy_J2Energy_OE_Test_geo_Seed2,leo/100min-1500/100min1500Energy_J2Energy_OE_Test_geo_Seed2.log,MAMBA,73.23,0.2123,0.6353,0.0,0.466,75.06,0.2144,0.6436,0.0,,1.3317,75.06,0.4288,20.05,0.1114,1.8299999999999983,0.0021000000000000185,Cascade,Cascade
100min1500Energy_J2Energy_OE_Test_geo_Seed2,leo/100min-1500/100min1500Energy_J2Energy_OE_Test_geo_Seed2.log,MiniRocket,73.99,0.2712,0.666,0.0,,75.26,0.2906,0.6752,0.0,16.54,0.5521,79.68,0.6112,82.29,0.3953,1.2700000000000102,0.01940000000000003,Cascade,Cascade
100min1500Energy_J2Energy_OE_Test_geo_Seed2,leo/100min-1500/100min1500Energy_J2Energy_OE_Test_geo_Seed2.log,TRANSFORMER,19.69,0.0823,0.0648,0.0,0.1951,75.06,0.2144,0.6436,0.0,,0.8228,75.06,0.4288,20.05,0.1114,55.370000000000005,0.1321,Cascade,Cascade
100min1500Energy_J2Energy_ResidLadder3_OE_Test_geo_Seed1,leo/100min-1500/100min1500Energy_J2Energy_ResidLadder3_OE_Test_geo_Seed1.log,CNN,65.42,0.2859,0.653,0.0,1.1044,20.97,0.0905,0.0868,0.0,79.07,2.6099,26.25,0.2164,79.07,0.2944,-44.45,-0.1954,Joint,Joint
100min1500Energy_J2Energy_ResidLadder3_OE_Test_geo_Seed1,leo/100min-1500/100min1500Energy_J2Energy_ResidLadder3_OE_Test_geo_Seed1.log,LSTM,74.75,0.2139,0.6394,0.0,0.5239,74.75,0.2139,0.6394,0.0,,1.4538,74.75,0.4277,64.7,0.2646,0.0,0.0,Tie,Tie
100min1500Energy_J2Energy_ResidLadder3_OE_Test_geo_Seed1,leo/100min-1500/100min1500Energy_J2Energy_ResidLadder3_OE_Test_geo_Seed1.log,LightGBM,79.28,0.3626,0.7582,0.0046,0.1272,81.83,0.3865,0.8006,0.0,28.61,0.6948,99.51,0.9934,29.29,0.1904,2.549999999999997,0.023900000000000032,Cascade,Cascade
100min1500Energy_J2Energy_ResidLadder3_OE_Test_geo_Seed1,leo/100min-1500/100min1500Energy_J2Energy_ResidLadder3_OE_Test_geo_Seed1.log,MAMBA,74.75,0.2139,0.6394,0.0,0.6042,74.75,0.2139,0.6394,0.0,,1.5669,74.75,0.4277,79.07,0.2944,0.0,0.0,Tie,Tie
100min1500Energy_J2Energy_ResidLadder3_OE_Test_geo_Seed1,leo/100min-1500/100min1500Energy_J2Energy_ResidLadder3_OE_Test_geo_Seed1.log,MiniRocket,78.47,0.4299,0.7032,0.0,,79.56,0.46,0.7107,0.0,94.91,0.5403,79.84,0.6183,98.86,0.6575,1.0900000000000034,0.030100000000000016,Cascade,Cascade
100min1500Energy_J2Energy_ResidLadder3_OE_Test_geo_Seed1,leo/100min-1500/100min1500Energy_J2Energy_ResidLadder3_OE_Test_geo_Seed1.log,TRANSFORMER,0.25,0.0012,0.0,0.0,0.2092,74.75,0.2139,0.6394,0.0,,0.8902,74.75,0.4277,19.94,0.1109,74.5,0.2127,Cascade,Cascade
100min1500Energy_J2Energy_OE_EvalTest_Seed2,leo/100min-1500/100min1500Energy_J2Energy_OE_EvalTest_Seed2.log,CNN,96.7,0.9376,0.9677,0.9861,1.1087,96.23,0.9553,0.9633,0.9847,99.98,2.6208,96.24,0.9523,99.98,0.9963,-0.46999999999999886,0.01770000000000005,Joint,Cascade
100min1500Energy_J2Energy_OE_EvalTest_Seed2,leo/100min-1500/100min1500Energy_J2Energy_OE_EvalTest_Seed2.log,LSTM,95.67,0.9492,0.9578,0.9745,0.4786,67.17,0.7253,0.697,0.5511,99.99,1.3834,67.17,0.6269,99.86,0.9775,-28.5,-0.2239000000000001,Joint,Joint
100min1500Energy_J2Energy_OE_EvalTest_Seed2,leo/100min-1500/100min1500Energy_J2Energy_OE_EvalTest_Seed2.log,LightGBM,77.37,0.4763,0.683,0.0,0.2029,77.25,0.3945,0.6825,0.0,99.88,0.711,77.25,0.535,97.41,0.647,-0.12000000000000455,-0.08179999999999998,Joint,Joint
100min1500Energy_J2Energy_OE_EvalTest_Seed2,leo/100min-1500/100min1500Energy_J2Energy_OE_EvalTest_Seed2.log,MAMBA,61.68,0.5616,0.6513,0.6146,0.4698,64.62,0.5189,0.6719,0.4533,95.55,1.3532,65.27,0.6012,94.36,0.7354,2.940000000000005,-0.04269999999999996,Cascade,Joint
100min1500Energy_J2Energy_OE_EvalTest_Seed2,leo/100min-1500/100min1500Energy_J2Energy_OE_EvalTest_Seed2.log,MiniRocket,89.59,0.6952,0.8882,0.0978,,89.58,0.7861,0.8888,0.5289,98.67,0.5549,89.81,0.8537,99.09,0.837,-0.010000000000005116,0.09089999999999998,Joint,Cascade
100min1500Energy_J2Energy_OE_EvalTest_Seed2,leo/100min-1500/100min1500Energy_J2Energy_OE_EvalTest_Seed2.log,TRANSFORMER,94.14,0.7631,0.9479,0.995,0.2075,95.47,0.7171,0.9547,0.0222,100.0,0.8248,95.47,0.9426,100.0,1.0,1.3299999999999983,-0.04600000000000004,Cascade,Joint
100min1500EvalTest_Seed0,leo/100min-1500/100min1500EvalTest_Seed0.log,CNN,36.61,0.2106,0.4535,0.1083,1.0989,54.7,0.2728,0.5871,0.0044,54.51,2.7321,60.52,0.5502,54.31,0.3215,18.090000000000003,0.06219999999999998,Cascade,Cascade
100min1500EvalTest_Seed0,leo/100min-1500/100min1500EvalTest_Seed0.log,LSTM,37.47,0.2345,0.4449,0.0356,0.4782,27.28,0.1453,0.3804,0.0,2.47,1.3548,47.36,0.4715,2.53,0.0459,-10.189999999999998,-0.08919999999999997,Joint,Joint
100min1500EvalTest_Seed0,leo/100min-1500/100min1500EvalTest_Seed0.log,LightGBM,73.93,0.2125,0.6285,0.0,0.224,74.71,0.2138,0.639,0.0,,0.7149,74.71,0.4276,78.45,0.2931,0.7799999999999869,0.0012999999999999956,Cascade,Cascade
100min1500EvalTest_Seed0,leo/100min-1500/100min1500EvalTest_Seed0.log,MAMBA,42.08,0.232,0.5031,0.1628,0.3765,52.11,0.2339,0.561,0.0494,21.64,1.1669,61.54,0.5526,20.0,0.1705,10.030000000000001,0.001899999999999985,Cascade,Cascade
100min1500EvalTest_Seed0,leo/100min-1500/100min1500EvalTest_Seed0.log,MiniRocket,74.71,0.2138,0.639,0.0,,74.71,0.2138,0.639,0.0,,0.5323,74.71,0.4276,78.55,0.2933,0.0,0.0,Tie,Tie
100min1500EvalTest_Seed0,leo/100min-1500/100min1500EvalTest_Seed0.log,TRANSFORMER,34.4,0.2025,0.4412,0.1018,0.1854,54.94,0.2464,0.5859,0.1067,26.72,0.8754,62.76,0.5506,25.18,0.2023,20.54,0.043899999999999995,Cascade,Cascade
100min1500Test_geo_Seed2,leo/100min-1500/100min1500Test_geo_Seed2.log,CNN,35.92,0.1715,0.4346,0.0,1.1028,49.29,0.2541,0.5532,0.0,43.34,2.7154,57.47,0.5369,37.12,0.2694,13.369999999999997,0.08259999999999998,Cascade,Cascade
100min1500Test_geo_Seed2,leo/100min-1500/100min1500Test_geo_Seed2.log,LSTM,56.73,0.1895,0.5653,0.0,0.4777,74.91,0.2142,0.6431,0.0,0.0,1.3455,74.96,0.4305,9.47,0.1003,18.18,0.0247,Cascade,Cascade
100min1500Test_geo_Seed2,leo/100min-1500/100min1500Test_geo_Seed2.log,LightGBM,74.28,0.2131,0.6332,0.0,0.1854,75.06,0.2144,0.6436,0.0,,0.6879,75.06,0.4288,78.81,0.2938,0.7800000000000011,0.0012999999999999956,Cascade,Cascade
100min1500Test_geo_Seed2,leo/100min-1500/100min1500Test_geo_Seed2.log,MAMBA,65.32,0.2171,0.608,0.0086,0.378,74.0,0.2145,0.64,0.0,1.02,1.1424,74.43,0.4428,6.2,0.0702,8.680000000000007,-0.002599999999999991,Cascade,Joint
100min1500Test_geo_Seed2,leo/100min-1500/100min1500Test_geo_Seed2.log,MiniRocket,75.06,0.2144,0.6436,0.0,,75.06,0.2144,0.6436,0.0,,0.5298,75.06,0.4288,24.79,0.158,0.0,0.0,Tie,Tie
100min1500Test_geo_Seed2,leo/100min-1500/100min1500Test_geo_Seed2.log,TRANSFORMER,49.2,0.2026,0.5291,0.0091,0.1912,61.39,0.2224,0.6062,0.0022,20.52,0.7944,66.35,0.526,35.37,0.1994,12.189999999999998,0.019799999999999984,Cascade,Cascade
100min1500Energy_J2Energy_OE_Test_geo_Seed0,leo/100min-1500/100min1500Energy_J2Energy_OE_Test_geo_Seed0.log,CNN,70.91,0.2086,0.6203,0.0,1.1063,47.21,0.2301,0.502,0.0,76.93,2.6663,51.1,0.4959,77.14,0.2961,-23.699999999999996,0.02149999999999999,Joint,Cascade
100min1500Energy_J2Energy_OE_Test_geo_Seed0,leo/100min-1500/100min1500Energy_J2Energy_OE_Test_geo_Seed0.log,LSTM,25.02,0.1183,0.3463,0.0,0.4565,74.62,0.2137,0.6378,0.0,,1.4293,74.62,0.4273,0.99,0.0065,49.60000000000001,0.0954,Cascade,Cascade
100min1500Energy_J2Energy_OE_Test_geo_Seed0,leo/100min-1500/100min1500Energy_J2Energy_OE_Test_geo_Seed0.log,LightGBM,73.84,0.2124,0.6273,0.0,0.1631,74.62,0.2137,0.6378,0.0,,0.6679,74.62,0.4273,21.08,0.1161,0.7800000000000011,0.0012999999999999956,Cascade,Cascade
100min1500Energy_J2Energy_OE_Test_geo_Seed0,leo/100min-1500/100min1500Energy_J2Energy_OE_Test_geo_Seed0.log,MAMBA,14.05,0.0886,0.1827,0.0,0.4477,74.62,0.2137,0.6378,0.0,,1.3435,74.62,0.4273,20.94,0.1225,60.57000000000001,0.1251,Cascade,Cascade
100min1500Energy_J2Energy_OE_Test_geo_Seed0,leo/100min-1500/100min1500Energy_J2Energy_OE_Test_geo_Seed0.log,MiniRocket,74.74,0.286,0.6691,0.0,,75.36,0.3376,0.6739,0.0,21.97,0.5793,79.56,0.612,82.74,0.4641,0.6200000000000045,0.051600000000000035,Cascade,Cascade
100min1500Energy_J2Energy_OE_Test_geo_Seed0,leo/100min-1500/100min1500Energy_J2Energy_OE_Test_geo_Seed0.log,TRANSFORMER,74.62,0.2137,0.6378,0.0,0.2048,74.62,0.2137,0.6378,0.0,,0.8632,74.62,0.4273,13.57,0.0918,0.0,0.0,Tie,Tie
100min1500Energy_J2Energy_ResidLadder3_OE_Test_geo_Seed0,leo/100min-1500/100min1500Energy_J2Energy_ResidLadder3_OE_Test_geo_Seed0.log,CNN,24.33,0.1149,0.1554,0.0,1.0981,74.62,0.2137,0.6378,0.0,,2.6006,74.62,0.4273,78.07,0.2923,50.290000000000006,0.0988,Cascade,Cascade
100min1500Energy_J2Energy_ResidLadder3_OE_Test_geo_Seed0,leo/100min-1500/100min1500Energy_J2Energy_ResidLadder3_OE_Test_geo_Seed0.log,LSTM,74.62,0.2137,0.6378,0.0,0.5304,19.81,0.0827,0.0655,0.0,78.07,1.4418,25.38,0.2024,78.07,0.2923,-54.81,-0.131,Joint,Joint
100min1500Energy_J2Energy_ResidLadder3_OE_Test_geo_Seed0,leo/100min-1500/100min1500Energy_J2Energy_ResidLadder3_OE_Test_geo_Seed0.log,LightGBM,79.36,0.3376,0.7569,0.0,0.1252,82.29,0.3977,0.8066,0.0,30.74,0.6509,99.56,0.9942,31.22,0.2034,2.930000000000007,0.06009999999999999,Cascade,Cascade
100min1500Energy_J2Energy_ResidLadder3_OE_Test_geo_Seed0,leo/100min-1500/100min1500Energy_J2Energy_ResidLadder3_OE_Test_geo_Seed0.log,MAMBA,74.62,0.2137,0.6378,0.0,0.5889,74.62,0.2137,0.6378,0.0,,1.656,74.62,0.4273,78.07,0.2923,0.0,0.0,Tie,Tie
100min1500Energy_J2Energy_ResidLadder3_OE_Test_geo_Seed0,leo/100min-1500/100min1500Energy_J2Energy_ResidLadder3_OE_Test_geo_Seed0.log,MiniRocket,97.76,0.7173,0.9763,0.0,,92.79,0.4576,0.9038,0.0,77.87,0.5528,98.09,0.9745,78.07,0.2923,-4.969999999999999,-0.25970000000000004,Joint,Joint
100min1500Energy_J2Energy_ResidLadder3_OE_Test_geo_Seed0,leo/100min-1500/100min1500Energy_J2Energy_ResidLadder3_OE_Test_geo_Seed0.log,TRANSFORMER,74.62,0.2137,0.6378,0.0,0.2234,74.62,0.2137,0.6378,0.0,,0.8527,74.62,0.4273,0.99,0.0065,0.0,0.0,Tie,Tie
100min1500Test_geo_Seed1,leo/100min-1500/100min1500Test_geo_Seed1.log,CNN,43.28,0.2187,0.4549,0.0,1.0995,74.75,0.2139,0.6394,0.0,,2.7889,74.75,0.4277,16.99,0.1245,31.47,-0.004799999999999999,Cascade,Joint
100min1500Test_geo_Seed1,leo/100min-1500/100min1500Test_geo_Seed1.log,LSTM,51.94,0.1814,0.5387,0.0,0.4853,74.03,0.2139,0.637,0.0,0.73,1.3988,74.33,0.4377,20.07,0.1758,22.090000000000003,0.0325,Cascade,Cascade
100min1500Test_geo_Seed1,leo/100min-1500/100min1500Test_geo_Seed1.log,LightGBM,73.96,0.2126,0.6289,0.0,0.2041,74.75,0.2139,0.6394,0.0,,0.7029,74.75,0.4277,78.92,0.2941,0.7900000000000063,0.0012999999999999956,Cascade,Cascade
100min1500Test_geo_Seed1,leo/100min-1500/100min1500Test_geo_Seed1.log,MAMBA,70.69,0.2173,0.6244,0.0,0.3793,74.75,0.2139,0.6394,0.0,,1.229,74.75,0.4277,14.11,0.1202,4.060000000000002,-0.0033999999999999864,Cascade,Joint
100min1500Test_geo_Seed1,leo/100min-1500/100min1500Test_geo_Seed1.log,MiniRocket,74.75,0.2139,0.6394,0.0,,74.75,0.2139,0.6394,0.0,,0.5732,74.75,0.4277,52.79,0.3101,0.0,0.0,Tie,Tie
100min1500Test_geo_Seed1,leo/100min-1500/100min1500Test_geo_Seed1.log,TRANSFORMER,54.02,0.2105,0.5555,0.0027,0.1888,66.63,0.2362,0.6187,0.0089,28.11,0.8441,69.55,0.5108,25.89,0.2057,12.609999999999992,0.0257,Cascade,Cascade
100min1500Energy_J2Energy_ResidLadder3_OE_Test_geo_Seed2,leo/100min-1500/100min1500Energy_J2Energy_ResidLadder3_OE_Test_geo_Seed2.log,CNN,31.53,0.1604,0.2855,0.0,1.1015,75.06,0.2144,0.6436,0.0,,2.612,75.06,0.4288,78.94,0.2941,43.53,0.05400000000000002,Cascade,Cascade
100min1500Energy_J2Energy_ResidLadder3_OE_Test_geo_Seed2,leo/100min-1500/100min1500Energy_J2Energy_ResidLadder3_OE_Test_geo_Seed2.log,LSTM,75.06,0.2144,0.6436,0.0,0.5251,75.06,0.2144,0.6436,0.0,,1.4484,75.06,0.4288,20.05,0.1139,0.0,0.0,Tie,Tie
100min1500Energy_J2Energy_ResidLadder3_OE_Test_geo_Seed2,leo/100min-1500/100min1500Energy_J2Energy_ResidLadder3_OE_Test_geo_Seed2.log,LightGBM,79.86,0.3452,0.7675,0.0,0.1276,98.38,0.713,0.983,0.0,95.06,0.6604,99.59,0.9946,95.09,0.622,18.519999999999996,0.36779999999999996,Cascade,Cascade
100min1500Energy_J2Energy_ResidLadder3_OE_Test_geo_Seed2,leo/100min-1500/100min1500Energy_J2Energy_ResidLadder3_OE_Test_geo_Seed2.log,MAMBA,36.19,0.1859,0.3566,0.0,0.5854,74.23,0.213,0.6395,0.0,,1.5591,74.23,0.426,78.94,0.2941,38.040000000000006,0.027099999999999985,Cascade,Cascade
100min1500Energy_J2Energy_ResidLadder3_OE_Test_geo_Seed2,leo/100min-1500/100min1500Energy_J2Energy_ResidLadder3_OE_Test_geo_Seed2.log,MiniRocket,95.52,0.6392,0.9503,0.0,,93.54,0.5987,0.9137,0.0022,80.77,0.5597,98.01,0.9729,80.0,0.4771,-1.9799999999999898,-0.04049999999999998,Joint,Joint
100min1500Energy_J2Energy_ResidLadder3_OE_Test_geo_Seed2,leo/100min-1500/100min1500Energy_J2Energy_ResidLadder3_OE_Test_geo_Seed2.log,TRANSFORMER,75.06,0.2144,0.6436,0.0,0.2233,75.06,0.2144,0.6436,0.0,,0.8406,75.06,0.4288,78.94,0.2941,0.0,0.0,Tie,Tie
100min1500Test_geo_Seed0,leo/100min-1500/100min1500Test_geo_Seed0.log,CNN,40.54,0.1983,0.476,0.03,1.1027,54.35,0.2696,0.5834,0.0,54.57,2.7505,60.1,0.5461,53.59,0.3186,13.810000000000002,0.0713,Cascade,Cascade
100min1500Test_geo_Seed0,leo/100min-1500/100min1500Test_geo_Seed0.log,LSTM,58.77,0.195,0.5722,0.0015,0.4826,74.62,0.2137,0.6378,0.0,,1.3797,74.62,0.4273,29.47,0.2322,15.850000000000001,0.018699999999999994,Cascade,Cascade
100min1500Test_geo_Seed0,leo/100min-1500/100min1500Test_geo_Seed0.log,LightGBM,73.84,0.2124,0.6273,0.0,0.1936,74.62,0.2137,0.6378,0.0,,0.7163,74.62,0.4273,77.93,0.292,0.7800000000000011,0.0012999999999999956,Cascade,Cascade
100min1500Test_geo_Seed0,leo/100min-1500/100min1500Test_geo_Seed0.log,MAMBA,59.52,0.2216,0.5792,0.0046,0.3805,74.62,0.2137,0.6378,0.0,,1.1694,74.62,0.4273,21.83,0.1827,15.100000000000001,-0.00789999999999999,Cascade,Joint
100min1500Test_geo_Seed0,leo/100min-1500/100min1500Test_geo_Seed0.log,MiniRocket,74.62,0.2137,0.6378,0.0,,74.62,0.2137,0.6378,0.0,,0.559,74.62,0.4273,40.85,0.2659,0.0,0.0,Tie,Tie
100min1500Test_geo_Seed0,leo/100min-1500/100min1500Test_geo_Seed0.log,TRANSFORMER,39.66,0.1961,0.4648,0.04,0.1909,58.11,0.2284,0.5813,0.0298,23.72,0.8429,64.07,0.5305,19.83,0.1797,18.450000000000003,0.032299999999999995,Cascade,Cascade
100min1500Energy_J2Energy_ResidLadder3_OE_EvalTest_Seed0,leo/100min-1500/100min1500Energy_J2Energy_ResidLadder3_OE_EvalTest_Seed0.log,CNN,97.54,0.981,0.9758,0.9851,1.131,98.0,0.9845,0.9803,0.9857,100.0,2.6282,98.0,0.9741,100.0,1.0,0.45999999999999375,0.0035000000000000586,Cascade,Cascade
100min1500Energy_J2Energy_ResidLadder3_OE_EvalTest_Seed0,leo/100min-1500/100min1500Energy_J2Energy_ResidLadder3_OE_EvalTest_Seed0.log,LSTM,96.86,0.9745,0.9693,0.9935,0.5338,97.16,0.9765,0.9721,0.9816,100.0,1.4724,97.16,0.9635,100.0,1.0,0.29999999999999716,0.0020000000000000018,Cascade,Cascade
100min1500Energy_J2Energy_ResidLadder3_OE_EvalTest_Seed0,leo/100min-1500/100min1500Energy_J2Energy_ResidLadder3_OE_EvalTest_Seed0.log,LightGBM,90.41,0.797,0.8958,0.5857,0.1615,90.39,0.7807,0.8944,0.4311,98.74,0.6735,90.6,0.8599,99.17,0.831,-0.01999999999999602,-0.016300000000000092,Joint,Joint
100min1500Energy_J2Energy_ResidLadder3_OE_EvalTest_Seed0,leo/100min-1500/100min1500Energy_J2Energy_ResidLadder3_OE_EvalTest_Seed0.log,MAMBA,96.84,0.9737,0.9689,0.9658,0.5915,96.93,0.9739,0.9698,0.9648,99.98,1.6016,96.94,0.9603,99.98,0.9998,0.09000000000000341,0.00019999999999997797,Cascade,Cascade
100min1500Energy_J2Energy_ResidLadder3_OE_EvalTest_Seed0,leo/100min-1500/100min1500Energy_J2Energy_ResidLadder3_OE_EvalTest_Seed0.log,MiniRocket,90.02,0.7748,0.8911,0.4533,,89.96,0.7756,0.8906,0.4622,98.63,0.5751,90.19,0.8549,99.07,0.8242,-0.060000000000002274,0.0007999999999999119,Joint,Cascade
100min1500Energy_J2Energy_ResidLadder3_OE_EvalTest_Seed0,leo/100min-1500/100min1500Energy_J2Energy_ResidLadder3_OE_EvalTest_Seed0.log,TRANSFORMER,96.94,0.9766,0.97,0.9858,0.2269,96.91,0.9747,0.9697,0.9833,100.0,0.8595,96.91,0.9603,100.0,1.0,-0.030000000000001137,-0.0019000000000000128,Joint,Joint
100min1500Energy_J2Energy_OE_Test_geo_Seed1,leo/100min-1500/100min1500Energy_J2Energy_OE_Test_geo_Seed1.log,CNN,60.45,0.2299,0.5924,0.0,1.1068,74.75,0.2139,0.6394,0.0,,2.6237,74.75,0.4277,78.81,0.2962,14.299999999999997,-0.015999999999999986,Cascade,Joint
100min1500Energy_J2Energy_OE_Test_geo_Seed1,leo/100min-1500/100min1500Energy_J2Energy_OE_Test_geo_Seed1.log,LSTM,72.84,0.211,0.6303,0.0,0.4673,74.75,0.2139,0.6394,0.0,,1.3466,74.75,0.4277,19.94,0.1109,1.9099999999999966,0.0029000000000000137,Cascade,Cascade
100min1500Energy_J2Energy_OE_Test_geo_Seed1,leo/100min-1500/100min1500Energy_J2Energy_OE_Test_geo_Seed1.log,LightGBM,73.96,0.2126,0.6289,0.0,0.1489,74.75,0.2153,0.6397,0.0,92.86,0.6392,74.75,0.4284,20.09,0.1115,0.7900000000000063,0.00269999999999998,Cascade,Cascade
100min1500Energy_J2Energy_OE_Test_geo_Seed1,leo/100min-1500/100min1500Energy_J2Energy_OE_Test_geo_Seed1.log,MAMBA,74.75,0.2139,0.6394,0.0,0.461,74.75,0.2139,0.6394,0.0,,1.3388,74.75,0.4277,20.18,0.1131,0.0,0.0,Tie,Tie
100min1500Energy_J2Energy_OE_Test_geo_Seed1,leo/100min-1500/100min1500Energy_J2Energy_OE_Test_geo_Seed1.log,MiniRocket,84.93,0.4419,0.8319,0.0,,83.57,0.4253,0.8155,0.0044,70.32,0.5887,88.19,0.8247,81.67,0.378,-1.3600000000000136,-0.016600000000000004,Joint,Joint
100min1500Energy_J2Energy_OE_Test_geo_Seed1,leo/100min-1500/100min1500Energy_J2Energy_OE_Test_geo_Seed1.log,TRANSFORMER,19.97,0.0832,0.0665,0.0,0.2035,5.04,0.024,0.0048,0.0,19.94,0.8317,25.25,0.2016,19.94,0.1109,-14.93,-0.059199999999999996,Joint,Joint
10min1500Energy_J2Energy_ResidLadder3_OE_EvalTest_Seed2,leo/10min-1500/10min1500Energy_J2Energy_ResidLadder3_OE_EvalTest_Seed2.log,CNN,90.41,0.8789,0.9065,0.8306,0.312,90.61,0.8799,0.9079,0.8154,96.9,1.0659,91.31,0.8896,97.3,0.9351,0.20000000000000284,0.0010000000000000009,Cascade,Cascade
10min1500Energy_J2Energy_ResidLadder3_OE_EvalTest_Seed2,leo/10min-1500/10min1500Energy_J2Energy_ResidLadder3_OE_EvalTest_Seed2.log,LSTM,88.32,0.8692,0.8897,0.866,0.0959,89.74,0.877,0.9017,0.866,97.04,0.6881,90.44,0.8826,97.3,0.9351,1.4200000000000017,0.007800000000000029,Cascade,Cascade
10min1500Energy_J2Energy_ResidLadder3_OE_EvalTest_Seed2,leo/10min-1500/10min1500Energy_J2Energy_ResidLadder3_OE_EvalTest_Seed2.log,LightGBM,87.89,0.7484,0.8664,0.5039,0.0213,83.01,0.6007,0.7976,0.2711,88.68,0.5142,84.19,0.7357,92.73,0.7884,-4.8799999999999955,-0.14769999999999994,Joint,Joint
10min1500Energy_J2Energy_ResidLadder3_OE_EvalTest_Seed2,leo/10min-1500/10min1500Energy_J2Energy_ResidLadder3_OE_EvalTest_Seed2.log,MAMBA,85.99,0.851,0.8685,0.869,0.2014,88.1,0.8624,0.8853,0.8062,96.88,0.8651,88.8,0.8612,97.3,0.9354,2.1099999999999994,0.011400000000000077,Cascade,Cascade
10min1500Energy_J2Energy_ResidLadder3_OE_EvalTest_Seed2,leo/10min-1500/10min1500Energy_J2Energy_ResidLadder3_OE_EvalTest_Seed2.log,MiniRocket,85.82,0.686,0.8486,0.4133,,86.1,0.6888,0.8523,0.4444,84.67,0.4552,88.77,0.8415,89.64,0.7338,0.28000000000000114,0.0027999999999999137,Cascade,Cascade
10min1500Energy_J2Energy_ResidLadder3_OE_EvalTest_Seed2,leo/10min-1500/10min1500Energy_J2Energy_ResidLadder3_OE_EvalTest_Seed2.log,TRANSFORMER,87.91,0.8591,0.8822,0.7629,0.0721,88.7,0.8693,0.8919,0.855,97.0,0.5571,89.4,0.8703,97.3,0.9351,0.7900000000000063,0.010199999999999987,Cascade,Cascade
10min1500Energy_J2Energy_OE_Test_geo_Seed0,leo/10min-1500/10min1500Energy_J2Energy_OE_Test_geo_Seed0.log,CNN,38.26,0.1989,0.3831,0.0,0.3135,38.26,0.1989,0.3831,0.0,71.25,1.0324,45.62,0.4545,71.25,0.2774,0.0,0.0,Tie,Tie
10min1500Energy_J2Energy_OE_Test_geo_Seed0,leo/10min-1500/10min1500Energy_J2Energy_OE_Test_geo_Seed0.log,LSTM,57.23,0.1948,0.5505,0.0,0.0891,36.68,0.1587,0.418,0.0,18.15,0.6022,44.34,0.4044,18.99,0.1064,-20.549999999999997,-0.03609999999999999,Joint,Joint
10min1500Energy_J2Energy_OE_Test_geo_Seed0,leo/10min-1500/10min1500Energy_J2Energy_OE_Test_geo_Seed0.log,LightGBM,72.7,0.2105,0.6121,0.0,0.0198,74.38,0.2133,0.6345,0.0,,0.4516,74.38,0.4265,71.1,0.2819,1.6799999999999926,0.002799999999999997,Cascade,Cascade
10min1500Energy_J2Energy_OE_Test_geo_Seed0,leo/10min-1500/10min1500Energy_J2Energy_OE_Test_geo_Seed0.log,MAMBA,74.38,0.2133,0.6345,0.0,0.2009,74.38,0.2133,0.6345,0.0,,0.8041,74.38,0.4265,62.97,0.2797,0.0,0.0,Tie,Tie
10min1500Energy_J2Energy_OE_Test_geo_Seed0,leo/10min-1500/10min1500Energy_J2Energy_OE_Test_geo_Seed0.log,MiniRocket,89.77,0.6092,0.883,0.0,,84.8,0.3862,0.8128,0.0,61.76,0.4585,91.52,0.8757,71.25,0.2774,-4.969999999999999,-0.22299999999999998,Joint,Joint
10min1500Energy_J2Energy_OE_Test_geo_Seed0,leo/10min-1500/10min1500Energy_J2Energy_OE_Test_geo_Seed0.log,TRANSFORMER,74.38,0.2133,0.6345,0.0,0.0678,74.38,0.2133,0.6345,0.0,,0.5357,74.38,0.4265,18.99,0.1064,0.0,0.0,Tie,Tie
10min1500Energy_J2Energy_ResidLadder3_OE_Test_geo_Seed0,leo/10min-1500/10min1500Energy_J2Energy_ResidLadder3_OE_Test_geo_Seed0.log,CNN,74.38,0.2133,0.6345,0.0,0.3131,74.38,0.2133,0.6345,0.0,,1.0014,74.38,0.4265,71.25,0.2774,0.0,0.0,Tie,Tie
10min1500Energy_J2Energy_ResidLadder3_OE_Test_geo_Seed0,leo/10min-1500/10min1500Energy_J2Energy_ResidLadder3_OE_Test_geo_Seed0.log,LSTM,74.38,0.2133,0.6345,0.0,0.0947,74.38,0.2133,0.6345,0.0,,0.5742,74.38,0.4265,71.25,0.2774,0.0,0.0,Tie,Tie
10min1500Energy_J2Energy_ResidLadder3_OE_Test_geo_Seed0,leo/10min-1500/10min1500Energy_J2Energy_ResidLadder3_OE_Test_geo_Seed0.log,LightGBM,95.74,0.668,0.9494,0.0,0.0191,88.2,0.5689,0.8639,0.0,84.68,0.4387,90.7,0.8597,84.74,0.5585,-7.539999999999992,-0.09910000000000008,Joint,Joint
10min1500Energy_J2Energy_ResidLadder3_OE_Test_geo_Seed0,leo/10min-1500/10min1500Energy_J2Energy_ResidLadder3_OE_Test_geo_Seed0.log,MAMBA,38.26,0.1989,0.3831,0.0,0.2171,53.87,0.2571,0.5631,0.0,71.34,0.8249,58.8,0.562,71.25,0.2774,15.61,0.0582,Cascade,Cascade
10min1500Energy_J2Energy_ResidLadder3_OE_Test_geo_Seed0,leo/10min-1500/10min1500Energy_J2Energy_ResidLadder3_OE_Test_geo_Seed0.log,MiniRocket,83.38,0.4742,0.8162,0.0,,82.18,0.3861,0.7946,0.0,71.14,0.4296,86.43,0.7992,71.25,0.2941,-1.1999999999999886,-0.08810000000000001,Joint,Joint
10min1500Energy_J2Energy_ResidLadder3_OE_Test_geo_Seed0,leo/10min-1500/10min1500Energy_J2Energy_ResidLadder3_OE_Test_geo_Seed0.log,TRANSFORMER,74.38,0.2133,0.6345,0.0,0.07,74.38,0.2133,0.6345,0.0,,0.5242,74.38,0.4265,71.25,0.2774,0.0,0.0,Tie,Tie
10min1500Test_geo_Seed1,leo/10min-1500/10min1500Test_geo_Seed1.log,CNN,28.2,0.2102,0.3779,0.1901,0.3091,39.99,0.2343,0.4878,0.0972,24.18,1.0458,55.42,0.5444,22.17,0.2237,11.790000000000003,0.02410000000000001,Cascade,Cascade
10min1500Test_geo_Seed1,leo/10min-1500/10min1500Test_geo_Seed1.log,LSTM,40.86,0.2366,0.4938,0.1082,0.0898,47.12,0.2364,0.533,0.0544,19.9,0.5965,59.33,0.5564,19.51,0.2021,6.259999999999998,-0.00020000000000000573,Cascade,Joint
10min1500Test_geo_Seed1,leo/10min-1500/10min1500Test_geo_Seed1.log,LightGBM,73.04,0.211,0.6166,0.0,0.0182,74.49,0.2134,0.636,0.0,,0.4659,74.49,0.4269,71.22,0.2773,1.4499999999999886,0.0024000000000000132,Cascade,Cascade
10min1500Test_geo_Seed1,leo/10min-1500/10min1500Test_geo_Seed1.log,MAMBA,38.77,0.2534,0.4753,0.2621,0.2016,48.06,0.2558,0.5455,0.1357,28.88,0.8091,59.24,0.5584,27.31,0.2609,9.29,0.0024000000000000132,Cascade,Cascade
10min1500Test_geo_Seed1,leo/10min-1500/10min1500Test_geo_Seed1.log,MiniRocket,74.38,0.2145,0.6363,0.0,,73.01,0.2275,0.6365,0.0,45.33,0.4374,73.47,0.4523,59.45,0.3298,-1.3699999999999903,0.013000000000000012,Joint,Cascade
10min1500Test_geo_Seed1,leo/10min-1500/10min1500Test_geo_Seed1.log,TRANSFORMER,68.64,0.259,0.6423,0.0,0.0665,60.29,0.2595,0.6096,0.0,48.44,0.5278,64.87,0.5484,37.98,0.2421,-8.350000000000001,0.0005000000000000004,Joint,Cascade
10min1500Energy_J2Energy_OE_EvalTest_Seed2,leo/10min-1500/10min1500Energy_J2Energy_OE_EvalTest_Seed2.log,CNN,76.8,0.7956,0.7894,0.8638,0.3136,77.5,0.8132,0.7971,0.8638,97.26,1.0511,78.21,0.7659,97.26,0.9341,0.7000000000000028,0.01760000000000006,Cascade,Cascade
10min1500Energy_J2Energy_OE_EvalTest_Seed2,leo/10min-1500/10min1500Energy_J2Energy_OE_EvalTest_Seed2.log,LSTM,75.23,0.7634,0.7737,0.8428,0.0902,77.51,0.8009,0.7962,0.8511,96.52,0.5965,78.36,0.7623,96.75,0.9225,2.280000000000001,0.03749999999999998,Cascade,Cascade
10min1500Energy_J2Energy_OE_EvalTest_Seed2,leo/10min-1500/10min1500Energy_J2Energy_OE_EvalTest_Seed2.log,LightGBM,73.69,0.281,0.6311,0.0,0.0217,74.29,0.2357,0.6365,0.0,54.76,0.4559,74.5,0.4442,80.73,0.5142,0.6000000000000085,-0.045300000000000035,Cascade,Joint
10min1500Energy_J2Energy_OE_EvalTest_Seed2,leo/10min-1500/10min1500Energy_J2Energy_OE_EvalTest_Seed2.log,MAMBA,60.29,0.5859,0.6383,0.6978,0.2051,71.3,0.5217,0.7129,0.3218,72.95,0.8273,74.9,0.6727,80.01,0.6341,11.009999999999998,-0.06419999999999992,Cascade,Joint
10min1500Energy_J2Energy_OE_EvalTest_Seed2,leo/10min-1500/10min1500Energy_J2Energy_OE_EvalTest_Seed2.log,MiniRocket,85.27,0.6742,0.842,0.3778,,85.73,0.6993,0.8471,0.4711,86.0,0.4483,88.09,0.8307,90.92,0.7602,0.46000000000000796,0.02510000000000001,Cascade,Cascade
10min1500Energy_J2Energy_OE_EvalTest_Seed2,leo/10min-1500/10min1500Energy_J2Energy_OE_EvalTest_Seed2.log,TRANSFORMER,80.54,0.8077,0.822,0.8681,0.0685,57.74,0.4527,0.6182,0.583,97.04,0.5497,58.24,0.5559,97.17,0.9319,-22.800000000000004,-0.355,Joint,Joint
10min1500Test_geo_Seed0,leo/10min-1500/10min1500Test_geo_Seed0.log,CNN,32.61,0.2285,0.4248,0.2443,0.3095,38.03,0.1946,0.4615,0.0,14.34,1.0663,55.29,0.5426,14.31,0.1495,5.420000000000002,-0.03390000000000001,Cascade,Joint
10min1500Test_geo_Seed0,leo/10min-1500/10min1500Test_geo_Seed0.log,LSTM,44.79,0.2154,0.5043,0.0079,0.0909,48.6,0.2735,0.5524,0.1511,38.76,0.6052,58.8,0.5594,40.76,0.3252,3.8100000000000023,0.05810000000000001,Cascade,Cascade
10min1500Test_geo_Seed0,leo/10min-1500/10min1500Test_geo_Seed0.log,LightGBM,72.7,0.2105,0.6121,0.0,0.0218,74.38,0.2133,0.6345,0.0,,0.4607,74.38,0.4265,70.96,0.2767,1.6799999999999926,0.002799999999999997,Cascade,Cascade
10min1500Test_geo_Seed0,leo/10min-1500/10min1500Test_geo_Seed0.log,MAMBA,39.92,0.2545,0.4826,0.1941,0.2163,44.93,0.2607,0.5265,0.1022,37.3,0.8424,56.53,0.5481,35.34,0.2894,5.009999999999998,0.006199999999999983,Cascade,Cascade
10min1500Test_geo_Seed0,leo/10min-1500/10min1500Test_geo_Seed0.log,MiniRocket,73.99,0.2182,0.6367,0.0,,72.94,0.2242,0.6371,0.0,74.63,0.4464,73.13,0.448,70.86,0.2838,-1.0499999999999972,0.006000000000000005,Joint,Cascade
10min1500Test_geo_Seed0,leo/10min-1500/10min1500Test_geo_Seed0.log,TRANSFORMER,54.89,0.2635,0.5846,0.0479,0.0667,74.38,0.2133,0.6345,0.0,,0.5442,74.38,0.4265,18.17,0.178,19.489999999999995,-0.05020000000000002,Cascade,Joint
10min1500Test_geo_Seed2,leo/10min-1500/10min1500Test_geo_Seed2.log,CNN,34.62,0.2417,0.4147,0.1556,0.3094,38.78,0.2027,0.4621,0.0066,19.01,1.0329,55.72,0.5485,22.16,0.2107,4.160000000000004,-0.03900000000000001,Cascade,Joint
10min1500Test_geo_Seed2,leo/10min-1500/10min1500Test_geo_Seed2.log,LSTM,49.08,0.2445,0.5406,0.0665,0.0886,49.81,0.2587,0.5515,0.1121,28.89,0.5762,60.37,0.5625,28.67,0.2691,0.730000000000004,0.01419999999999999,Cascade,Cascade
10min1500Test_geo_Seed2,leo/10min-1500/10min1500Test_geo_Seed2.log,LightGBM,71.98,0.2093,0.6025,0.0,0.0182,73.88,0.2124,0.6278,0.0,,0.4469,73.88,0.4249,69.6,0.2736,1.8999999999999915,0.0030999999999999917,Cascade,Cascade
10min1500Test_geo_Seed2,leo/10min-1500/10min1500Test_geo_Seed2.log,MAMBA,37.41,0.2414,0.4684,0.2002,0.2123,37.97,0.2425,0.4774,0.179,26.78,0.7937,53.7,0.5316,25.31,0.2351,0.5600000000000023,0.0010999999999999899,Cascade,Cascade
10min1500Test_geo_Seed2,leo/10min-1500/10min1500Test_geo_Seed2.log,MiniRocket,73.88,0.2124,0.6278,0.0,,73.71,0.2144,0.6276,0.0,28.57,0.4271,73.77,0.4274,57.64,0.3127,-0.1700000000000017,0.0020000000000000018,Joint,Cascade
10min1500Test_geo_Seed2,leo/10min-1500/10min1500Test_geo_Seed2.log,TRANSFORMER,59.67,0.236,0.5815,0.0018,0.0664,69.33,0.2176,0.6141,0.0,8.14,0.5124,71.59,0.4885,23.78,0.2312,9.659999999999997,-0.0184,Cascade,Joint
10min1500EvalTest_Seed2,leo/10min-1500/10min1500EvalTest_Seed2.log,CNN,35.2,0.2368,0.4276,0.1556,0.3114,38.94,0.2067,0.4687,0.0213,19.14,1.056,55.84,0.5496,22.22,0.2095,3.739999999999995,-0.030100000000000016,Cascade,Joint
10min1500EvalTest_Seed2,leo/10min-1500/10min1500EvalTest_Seed2.log,LSTM,34.2,0.2166,0.4361,0.1066,0.0888,41.69,0.2102,0.4887,0.0091,17.01,0.5839,57.73,0.5614,15.67,0.1586,7.489999999999995,-0.006399999999999989,Cascade,Joint
10min1500EvalTest_Seed2,leo/10min-1500/10min1500EvalTest_Seed2.log,LightGBM,73.0,0.211,0.6161,0.0,0.0197,74.04,0.2127,0.63,0.0,,0.4485,74.04,0.4254,70.78,0.2763,1.0400000000000063,0.001700000000000007,Cascade,Cascade
10min1500EvalTest_Seed2,leo/10min-1500/10min1500EvalTest_Seed2.log,MAMBA,34.31,0.2271,0.4398,0.1761,0.2023,40.6,0.2492,0.497,0.2145,29.61,0.814,55.31,0.5448,28.85,0.2611,6.289999999999999,0.02210000000000001,Cascade,Cascade
10min1500EvalTest_Seed2,leo/10min-1500/10min1500EvalTest_Seed2.log,MiniRocket,74.04,0.2127,0.63,0.0,,73.69,0.2187,0.6322,0.0,56.67,0.4308,73.83,0.4369,69.73,0.2837,-0.3500000000000085,0.006000000000000005,Joint,Cascade
10min1500EvalTest_Seed2,leo/10min-1500/10min1500EvalTest_Seed2.log,TRANSFORMER,30.98,0.2195,0.4117,0.1761,0.0675,38.02,0.2113,0.4679,0.0366,17.68,0.5685,55.36,0.5456,17.08,0.1757,7.040000000000003,-0.008200000000000013,Cascade,Joint
10min1500Energy_J2Energy_ResidLadder3_OE_EvalTest_Seed0,leo/10min-1500/10min1500Energy_J2Energy_ResidLadder3_OE_EvalTest_Seed0.log,CNN,91.46,0.8883,0.9183,0.8531,0.3122,92.23,0.8926,0.9248,0.8531,96.96,1.1308,92.98,0.9129,97.15,0.9304,0.7700000000000102,0.0042999999999999705,Cascade,Cascade
10min1500Energy_J2Energy_ResidLadder3_OE_EvalTest_Seed0,leo/10min-1500/10min1500Energy_J2Energy_ResidLadder3_OE_EvalTest_Seed0.log,LSTM,90.17,0.877,0.9068,0.8553,0.0983,91.64,0.8899,0.9202,0.8531,97.04,0.5962,92.39,0.9075,97.15,0.9304,1.4699999999999989,0.012900000000000023,Cascade,Cascade
10min1500Energy_J2Energy_ResidLadder3_OE_EvalTest_Seed0,leo/10min-1500/10min1500Energy_J2Energy_ResidLadder3_OE_EvalTest_Seed0.log,LightGBM,89.94,0.787,0.8941,0.6383,0.0186,84.28,0.6233,0.8187,0.2533,89.61,0.4466,85.56,0.7702,92.35,0.7734,-5.659999999999997,-0.16370000000000007,Joint,Joint
10min1500Energy_J2Energy_ResidLadder3_OE_EvalTest_Seed0,leo/10min-1500/10min1500Energy_J2Energy_ResidLadder3_OE_EvalTest_Seed0.log,MAMBA,88.91,0.8673,0.8945,0.8487,0.205,90.08,0.8755,0.9043,0.8509,96.86,0.8432,90.82,0.8869,97.11,0.9295,1.1700000000000017,0.008199999999999985,Cascade,Cascade
10min1500Energy_J2Energy_ResidLadder3_OE_EvalTest_Seed0,leo/10min-1500/10min1500Energy_J2Energy_ResidLadder3_OE_EvalTest_Seed0.log,MiniRocket,88.89,0.7603,0.8843,0.5956,,88.89,0.7531,0.8844,0.5689,88.69,0.4401,91.1,0.878,91.54,0.7811,0.0,-0.007199999999999984,Tie,Joint
10min1500Energy_J2Energy_ResidLadder3_OE_EvalTest_Seed0,leo/10min-1500/10min1500Energy_J2Energy_ResidLadder3_OE_EvalTest_Seed0.log,TRANSFORMER,90.29,0.8699,0.9039,0.7868,0.0702,90.96,0.8846,0.9136,0.8531,97.0,0.5575,91.7,0.8991,97.15,0.9304,0.6699999999999875,0.014700000000000046,Cascade,Cascade
10min1500Energy_J2Energy_OE_Test_geo_Seed2,leo/10min-1500/10min1500Energy_J2Energy_OE_Test_geo_Seed2.log,CNN,37.06,0.2132,0.3876,0.0,0.3114,38.53,0.2006,0.3845,0.0,70.95,1.0112,46.12,0.4592,70.95,0.2767,1.4699999999999989,-0.0126,Cascade,Joint
10min1500Energy_J2Energy_OE_Test_geo_Seed2,leo/10min-1500/10min1500Energy_J2Energy_OE_Test_geo_Seed2.log,LSTM,56.78,0.1902,0.543,0.0,0.0888,63.88,0.1949,0.5759,0.0,,0.573,63.88,0.3898,19.48,0.1087,7.100000000000001,0.004699999999999982,Cascade,Cascade
10min1500Energy_J2Energy_OE_Test_geo_Seed2,leo/10min-1500/10min1500Energy_J2Energy_OE_Test_geo_Seed2.log,LightGBM,71.98,0.2093,0.6025,0.0,0.0183,73.88,0.2124,0.6278,0.0,,0.44,73.88,0.4249,69.8,0.2832,1.8999999999999915,0.0030999999999999917,Cascade,Cascade
10min1500Energy_J2Energy_OE_Test_geo_Seed2,leo/10min-1500/10min1500Energy_J2Energy_OE_Test_geo_Seed2.log,MAMBA,23.24,0.148,0.3216,0.0,0.2015,62.48,0.2659,0.6182,0.0,72.47,0.7912,65.17,0.5601,49.34,0.2831,39.239999999999995,0.11790000000000003,Cascade,Cascade
10min1500Energy_J2Energy_OE_Test_geo_Seed2,leo/10min-1500/10min1500Energy_J2Energy_OE_Test_geo_Seed2.log,MiniRocket,75.54,0.3609,0.7539,0.0,,74.58,0.4251,0.7538,0.0,69.85,0.4327,81.62,0.7908,73.03,0.4123,-0.960000000000008,0.06419999999999998,Joint,Cascade
10min1500Energy_J2Energy_OE_Test_geo_Seed2,leo/10min-1500/10min1500Energy_J2Energy_OE_Test_geo_Seed2.log,TRANSFORMER,73.88,0.2124,0.6278,0.0,0.073,73.88,0.2124,0.6278,0.0,,0.524,73.88,0.4249,70.95,0.2767,0.0,0.0,Tie,Tie
10min1500EvalTest_Seed1,leo/10min-1500/10min1500EvalTest_Seed1.log,CNN,29.33,0.2149,0.3921,0.2013,0.3119,40.27,0.2285,0.4885,0.0821,22.2,1.0832,56.0,0.5491,21.06,0.2079,10.940000000000005,0.013600000000000001,Cascade,Cascade
10min1500EvalTest_Seed1,leo/10min-1500/10min1500EvalTest_Seed1.log,LSTM,31.72,0.2164,0.4165,0.1426,0.0917,40.24,0.2219,0.4866,0.0599,20.04,0.6202,56.24,0.5506,18.45,0.1851,8.520000000000003,0.005499999999999977,Cascade,Cascade
10min1500EvalTest_Seed1,leo/10min-1500/10min1500EvalTest_Seed1.log,LightGBM,72.46,0.2101,0.6089,0.0,0.0224,74.04,0.2127,0.63,0.0,,0.4597,74.04,0.4254,71.22,0.2773,1.5800000000000125,0.002599999999999991,Cascade,Cascade
10min1500EvalTest_Seed1,leo/10min-1500/10min1500EvalTest_Seed1.log,MAMBA,35.67,0.24,0.4503,0.2222,0.215,39.12,0.2322,0.4818,0.1111,25.73,0.8587,54.64,0.5388,25.68,0.2361,3.4499999999999957,-0.007800000000000001,Cascade,Joint
10min1500EvalTest_Seed1,leo/10min-1500/10min1500EvalTest_Seed1.log,MiniRocket,74.02,0.2127,0.63,0.0,,73.62,0.217,0.6314,0.0,46.67,0.4555,73.8,0.4367,70.51,0.283,-0.3999999999999915,0.004299999999999998,Joint,Cascade
10min1500EvalTest_Seed1,leo/10min-1500/10min1500EvalTest_Seed1.log,TRANSFORMER,34.42,0.2373,0.4378,0.2311,0.07,44.52,0.2675,0.5277,0.1516,34.67,0.5775,57.0,0.5542,28.6,0.2524,10.100000000000001,0.030200000000000005,Cascade,Cascade
10min1500Energy_J2Energy_OE_EvalTest_Seed1,leo/10min-1500/10min1500Energy_J2Energy_OE_EvalTest_Seed1.log,CNN,76.27,0.7736,0.7848,0.7873,0.3105,77.32,0.795,0.7945,0.8235,96.39,1.0387,78.26,0.7661,96.4,0.9145,1.0499999999999972,0.021400000000000086,Cascade,Cascade
10min1500Energy_J2Energy_OE_EvalTest_Seed1,leo/10min-1500/10min1500Energy_J2Energy_OE_EvalTest_Seed1.log,LSTM,78.23,0.7914,0.8009,0.8213,0.091,78.66,0.7936,0.8033,0.7963,95.79,0.6089,79.59,0.767,96.4,0.9121,0.4299999999999926,0.0021999999999999797,Cascade,Cascade
10min1500Energy_J2Energy_OE_EvalTest_Seed1,leo/10min-1500/10min1500Energy_J2Energy_OE_EvalTest_Seed1.log,LightGBM,72.87,0.2532,0.6186,0.0,0.022,74.19,0.2272,0.6337,0.0,56.52,0.5002,74.3,0.4358,82.31,0.5395,1.3199999999999932,-0.025999999999999968,Cascade,Joint
10min1500Energy_J2Energy_OE_EvalTest_Seed1,leo/10min-1500/10min1500Energy_J2Energy_OE_EvalTest_Seed1.log,MAMBA,56.6,0.5655,0.6005,0.69,0.2021,72.12,0.5364,0.7314,0.4311,74.47,0.8252,76.3,0.7075,76.2,0.6113,15.520000000000003,-0.029100000000000015,Cascade,Joint
10min1500Energy_J2Energy_OE_EvalTest_Seed1,leo/10min-1500/10min1500Energy_J2Energy_OE_EvalTest_Seed1.log,MiniRocket,85.08,0.6719,0.8382,0.3333,,85.06,0.6975,0.8399,0.4883,85.7,0.4461,87.39,0.8199,90.84,0.7638,-0.01999999999999602,0.025599999999999956,Joint,Cascade
10min1500Energy_J2Energy_OE_EvalTest_Seed1,leo/10min-1500/10min1500Energy_J2Energy_OE_EvalTest_Seed1.log,TRANSFORMER,77.46,0.7819,0.7944,0.8326,0.0672,67.12,0.4256,0.6747,0.3054,95.9,0.5451,67.49,0.5688,96.79,0.9215,-10.33999999999999,-0.35630000000000006,Joint,Joint
10min1500Energy_J2Energy_OE_EvalTest_Seed0,leo/10min-1500/10min1500Energy_J2Energy_OE_EvalTest_Seed0.log,CNN,77.81,0.8138,0.7994,0.8531,0.3087,77.46,0.8018,0.7954,0.8246,96.91,1.0452,78.24,0.765,96.94,0.9262,-0.3500000000000085,-0.01200000000000001,Joint,Joint
10min1500Energy_J2Energy_OE_EvalTest_Seed0,leo/10min-1500/10min1500Energy_J2Energy_OE_EvalTest_Seed0.log,LSTM,77.28,0.8074,0.7943,0.8531,0.0894,78.16,0.81,0.8019,0.8596,96.87,0.5709,78.94,0.7707,96.98,0.9259,0.8799999999999955,0.0026000000000000467,Cascade,Cascade
10min1500Energy_J2Energy_OE_EvalTest_Seed0,leo/10min-1500/10min1500Energy_J2Energy_OE_EvalTest_Seed0.log,LightGBM,72.72,0.26,0.6174,0.0,0.0247,74.0,0.2244,0.6311,0.0,44.0,0.4862,74.16,0.4361,81.5,0.5252,1.2800000000000011,-0.03560000000000002,Cascade,Joint
10min1500Energy_J2Energy_OE_EvalTest_Seed0,leo/10min-1500/10min1500Energy_J2Energy_OE_EvalTest_Seed0.log,MAMBA,61.21,0.5649,0.6456,0.6467,0.2075,71.74,0.5983,0.7366,0.5811,83.02,0.8359,75.03,0.7124,85.58,0.7099,10.529999999999994,0.033400000000000096,Cascade,Cascade
10min1500Energy_J2Energy_OE_EvalTest_Seed0,leo/10min-1500/10min1500Energy_J2Energy_OE_EvalTest_Seed0.log,MiniRocket,81.22,0.6367,0.8006,0.2978,,81.49,0.6681,0.8056,0.4395,84.78,0.4328,83.88,0.7775,90.85,0.7602,0.269999999999996,0.031399999999999983,Cascade,Cascade
10min1500Energy_J2Energy_OE_EvalTest_Seed0,leo/10min-1500/10min1500Energy_J2Energy_OE_EvalTest_Seed0.log,TRANSFORMER,87.83,0.8649,0.8841,0.8557,0.0659,55.63,0.4669,0.5966,0.7434,97.6,0.5334,56.12,0.5506,97.28,0.933,-32.199999999999996,-0.398,Joint,Joint
10min1500Energy_J2Energy_ResidLadder3_OE_Test_geo_Seed1,leo/10min-1500/10min1500Energy_J2Energy_ResidLadder3_OE_Test_geo_Seed1.log,CNN,74.49,0.2134,0.636,0.0,0.3116,48.5,0.2405,0.5127,0.0,71.29,1.0461,54.2,0.5322,71.25,0.2774,-25.989999999999995,0.027099999999999985,Joint,Cascade
10min1500Energy_J2Energy_ResidLadder3_OE_Test_geo_Seed1,leo/10min-1500/10min1500Energy_J2Energy_ResidLadder3_OE_Test_geo_Seed1.log,LSTM,74.49,0.2134,0.636,0.0,0.0979,74.49,0.2134,0.636,0.0,,0.6622,74.49,0.4269,71.25,0.2774,0.0,0.0,Tie,Tie
10min1500Energy_J2Energy_ResidLadder3_OE_Test_geo_Seed1,leo/10min-1500/10min1500Energy_J2Energy_ResidLadder3_OE_Test_geo_Seed1.log,LightGBM,95.78,0.6714,0.9502,0.0,0.0172,88.13,0.5725,0.8625,0.0,85.69,0.4608,90.41,0.854,85.92,0.5668,-7.650000000000006,-0.09889999999999999,Joint,Joint
10min1500Energy_J2Energy_ResidLadder3_OE_Test_geo_Seed1,leo/10min-1500/10min1500Energy_J2Energy_ResidLadder3_OE_Test_geo_Seed1.log,MAMBA,43.69,0.2235,0.4576,0.0,0.2121,42.76,0.2187,0.4481,0.0,71.34,0.8241,49.16,0.4905,71.25,0.2774,-0.9299999999999997,-0.004799999999999999,Joint,Joint
10min1500Energy_J2Energy_ResidLadder3_OE_Test_geo_Seed1,leo/10min-1500/10min1500Energy_J2Energy_ResidLadder3_OE_Test_geo_Seed1.log,MiniRocket,94.9,0.6732,0.9392,0.0,,95.12,0.793,0.952,0.5822,87.46,0.4421,98.24,0.9771,87.72,0.7458,0.21999999999999886,0.11980000000000002,Cascade,Cascade
10min1500Energy_J2Energy_ResidLadder3_OE_Test_geo_Seed1,leo/10min-1500/10min1500Energy_J2Energy_ResidLadder3_OE_Test_geo_Seed1.log,TRANSFORMER,74.49,0.2134,0.636,0.0,0.0701,74.49,0.2134,0.636,0.0,,0.5442,74.49,0.4269,71.25,0.2774,0.0,0.0,Tie,Tie
10min1500Energy_J2Energy_ResidLadder3_OE_EvalTest_Seed1,leo/10min-1500/10min1500Energy_J2Energy_ResidLadder3_OE_EvalTest_Seed1.log,CNN,90.03,0.8716,0.9054,0.8258,0.3114,90.23,0.8696,0.9055,0.8258,96.34,1.0146,91.09,0.8891,96.7,0.9195,0.20000000000000284,-0.0020000000000000018,Cascade,Joint
10min1500Energy_J2Energy_ResidLadder3_OE_EvalTest_Seed1,leo/10min-1500/10min1500Energy_J2Energy_ResidLadder3_OE_EvalTest_Seed1.log,LSTM,88.84,0.8609,0.8932,0.8258,0.0981,89.76,0.8668,0.9014,0.8258,96.36,0.6949,90.61,0.8841,96.7,0.9195,0.9200000000000017,0.005900000000000016,Cascade,Cascade
10min1500Energy_J2Energy_ResidLadder3_OE_EvalTest_Seed1,leo/10min-1500/10min1500Energy_J2Energy_ResidLadder3_OE_EvalTest_Seed1.log,LightGBM,88.19,0.7602,0.8722,0.5543,0.0186,83.23,0.6036,0.8036,0.2489,88.27,0.4387,84.54,0.748,92.06,0.767,-4.959999999999994,-0.15659999999999996,Joint,Joint
10min1500Energy_J2Energy_ResidLadder3_OE_EvalTest_Seed1,leo/10min-1500/10min1500Energy_J2Energy_ResidLadder3_OE_EvalTest_Seed1.log,MAMBA,85.69,0.8364,0.8654,0.8326,0.2065,87.69,0.8489,0.8832,0.8213,95.92,0.8404,88.66,0.8633,96.28,0.9123,2.0,0.012499999999999956,Cascade,Cascade
10min1500Energy_J2Energy_ResidLadder3_OE_EvalTest_Seed1,leo/10min-1500/10min1500Energy_J2Energy_ResidLadder3_OE_EvalTest_Seed1.log,MiniRocket,86.6,0.6865,0.8552,0.3333,,86.77,0.7108,0.859,0.4756,86.49,0.4513,89.13,0.8464,90.84,0.7546,0.1700000000000017,0.02429999999999999,Cascade,Cascade
10min1500Energy_J2Energy_ResidLadder3_OE_EvalTest_Seed1,leo/10min-1500/10min1500Energy_J2Energy_ResidLadder3_OE_EvalTest_Seed1.log,TRANSFORMER,89.66,0.8614,0.8982,0.7885,0.0707,89.18,0.8584,0.8962,0.8258,95.94,0.5323,90.13,0.8789,96.32,0.9124,-0.47999999999998977,-0.0030000000000000027,Joint,Joint
10min1500Energy_J2Energy_ResidLadder3_OE_Test_geo_Seed2,leo/10min-1500/10min1500Energy_J2Energy_ResidLadder3_OE_Test_geo_Seed2.log,CNN,73.88,0.2124,0.6278,0.0,0.3154,73.88,0.2124,0.6278,0.0,,1.0148,73.88,0.4249,70.95,0.2767,0.0,0.0,Tie,Tie
10min1500Energy_J2Energy_ResidLadder3_OE_Test_geo_Seed2,leo/10min-1500/10min1500Energy_J2Energy_ResidLadder3_OE_Test_geo_Seed2.log,LSTM,18.53,0.0782,0.058,0.0,0.0945,73.88,0.2124,0.6278,0.0,,0.6759,73.88,0.4249,70.95,0.2767,55.349999999999994,0.13419999999999999,Cascade,Cascade
10min1500Energy_J2Energy_ResidLadder3_OE_Test_geo_Seed2,leo/10min-1500/10min1500Energy_J2Energy_ResidLadder3_OE_Test_geo_Seed2.log,LightGBM,95.67,0.6762,0.9474,0.0,0.0171,88.11,0.5785,0.8624,0.0,86.2,0.4521,90.39,0.8567,86.45,0.575,-7.560000000000002,-0.09770000000000001,Joint,Joint
10min1500Energy_J2Energy_ResidLadder3_OE_Test_geo_Seed2,leo/10min-1500/10min1500Energy_J2Energy_ResidLadder3_OE_Test_geo_Seed2.log,MAMBA,38.53,0.2006,0.3845,0.0,0.224,53.77,0.2573,0.5608,0.0,70.47,0.8159,58.94,0.5646,70.95,0.2767,15.240000000000002,0.05669999999999997,Cascade,Cascade
10min1500Energy_J2Energy_ResidLadder3_OE_Test_geo_Seed2,leo/10min-1500/10min1500Energy_J2Energy_ResidLadder3_OE_Test_geo_Seed2.log,MiniRocket,78.18,0.4137,0.6919,0.0,,77.8,0.3973,0.6912,0.0,55.73,0.4375,81.19,0.6677,82.73,0.5435,-0.38000000000000966,-0.016400000000000026,Joint,Joint
10min1500Energy_J2Energy_ResidLadder3_OE_Test_geo_Seed2,leo/10min-1500/10min1500Energy_J2Energy_ResidLadder3_OE_Test_geo_Seed2.log,TRANSFORMER,73.88,0.2124,0.6278,0.0,0.071,73.88,0.2124,0.6278,0.0,,0.5325,73.88,0.4249,70.95,0.2767,0.0,0.0,Tie,Tie
10min1500EvalTest_Seed0,leo/10min-1500/10min1500EvalTest_Seed0.log,CNN,33.26,0.233,0.4305,0.2431,0.3134,38.19,0.1987,0.4587,0.0,15.66,1.1169,55.3,0.5431,14.63,0.1523,4.93,-0.034300000000000025,Cascade,Joint
10min1500EvalTest_Seed0,leo/10min-1500/10min1500EvalTest_Seed0.log,LSTM,29.31,0.1785,0.3773,0.024,0.0955,42.43,0.2643,0.5068,0.1644,37.29,0.6161,55.48,0.546,36.45,0.3049,13.120000000000001,0.08579999999999999,Cascade,Cascade
10min1500EvalTest_Seed0,leo/10min-1500/10min1500EvalTest_Seed0.log,LightGBM,72.17,0.2096,0.605,0.0,0.0225,73.88,0.2124,0.6278,0.0,,0.4464,73.88,0.4249,70.86,0.2765,1.7099999999999937,0.002799999999999997,Cascade,Cascade
10min1500EvalTest_Seed0,leo/10min-1500/10min1500EvalTest_Seed0.log,MAMBA,35.76,0.2424,0.4489,0.2622,0.2045,39.97,0.2555,0.4874,0.2533,34.94,0.8385,53.74,0.5314,33.35,0.2874,4.210000000000001,0.0131,Cascade,Cascade
10min1500EvalTest_Seed0,leo/10min-1500/10min1500EvalTest_Seed0.log,MiniRocket,73.88,0.2124,0.6278,0.0,,73.33,0.2183,0.6293,0.0,54.55,0.4356,73.5,0.4368,70.18,0.2858,-0.5499999999999972,0.005899999999999989,Joint,Cascade
10min1500EvalTest_Seed0,leo/10min-1500/10min1500EvalTest_Seed0.log,TRANSFORMER,35.84,0.2419,0.4508,0.2222,0.0751,46.68,0.2184,0.5153,0.0042,18.71,0.5723,59.81,0.5652,18.16,0.1804,10.839999999999996,-0.023499999999999993,Cascade,Joint
10min1500Energy_J2Energy_OE_Test_geo_Seed1,leo/10min-1500/10min1500Energy_J2Energy_OE_Test_geo_Seed1.log,CNN,67.33,0.2159,0.6089,0.0,0.3095,38.18,0.1984,0.3826,0.0,71.25,1.0352,45.51,0.4535,71.25,0.2774,-29.15,-0.017500000000000016,Joint,Joint
10min1500Energy_J2Energy_OE_Test_geo_Seed1,leo/10min-1500/10min1500Energy_J2Energy_OE_Test_geo_Seed1.log,LSTM,51.26,0.1931,0.5224,0.0,0.089,50.33,0.1884,0.5302,0.0,8.03,0.5783,59.62,0.5219,9.8,0.0595,-0.9299999999999997,-0.004699999999999982,Joint,Joint
10min1500Energy_J2Energy_OE_Test_geo_Seed1,leo/10min-1500/10min1500Energy_J2Energy_OE_Test_geo_Seed1.log,LightGBM,73.04,0.211,0.6166,0.0,0.0167,74.49,0.2134,0.636,0.0,,0.4264,74.49,0.4269,71.22,0.2773,1.4499999999999886,0.0024000000000000132,Cascade,Cascade
10min1500Energy_J2Energy_OE_Test_geo_Seed1,leo/10min-1500/10min1500Energy_J2Energy_OE_Test_geo_Seed1.log,MAMBA,68.74,0.2351,0.6295,0.0,0.2078,74.49,0.2134,0.636,0.0,,0.8203,74.49,0.4269,43.47,0.2819,5.75,-0.021699999999999997,Cascade,Joint
10min1500Energy_J2Energy_OE_Test_geo_Seed1,leo/10min-1500/10min1500Energy_J2Energy_OE_Test_geo_Seed1.log,MiniRocket,75.78,0.4243,0.707,0.0923,,74.33,0.2571,0.6703,0.0,6.91,0.429,81.52,0.672,71.82,0.3196,-1.4500000000000028,-0.16720000000000002,Joint,Joint
10min1500Energy_J2Energy_OE_Test_geo_Seed1,leo/10min-1500/10min1500Energy_J2Energy_OE_Test_geo_Seed1.log,TRANSFORMER,74.49,0.2134,0.636,0.0,0.068,4.83,0.0231,0.0045,0.0,18.95,0.5248,25.51,0.2033,18.95,0.1062,-69.66,-0.1903,Joint,Joint
